t,v1,v2,v3,v4,v5,v6,v7,v8,v9,v10
0,-1.49925E-06,4.49775E-06,1.49925E-06,-2.9985E-06,-1.49925E-06,7.04648E-06,-4.49775E-06,1.49925E-06,-5.997E-06,-1.49925E-06
0.0667,0,-7.49625E-06,0,2.9985E-06,-1.49925E-06,0,0,0,-1.49925E-06,0
0.133,4.49775E-06,7.49625E-06,0,0,0,0,0,0,7.49625E-06,-8.9955E-06
0.2,-1.04948E-05,-2.9985E-06,0,0,4.49775E-06,5.54723E-06,0,0,-1.04948E-05,0
0.267,4.49775E-06,-1.49925E-06,-1.49925E-06,2.9985E-06,0,0,1.49925E-06,-2.9985E-06,-7.49625E-06,0
0.333,-1.49925E-06,1.49925E-06,2.9985E-06,1.49925E-06,0,0,0,0,1.49925E-06,0
0.4,-4.49775E-06,1.49925E-06,2.9985E-06,2.9985E-06,-2.9985E-06,-5.54723E-06,-1.49925E-06,0,-1.49925E-06,0
0.467,5.997E-06,-1.49925E-06,2.9985E-06,1.49925E-06,0,0,-1.49925E-06,0,0,1.1994E-05
0.533,-5.997E-06,4.49775E-06,8.9955E-06,1.04948E-05,0,0,0,0,0,0
0.6,0,-1.1994E-05,-5.997E-06,-5.997E-06,0,0,4.49775E-06,2.9985E-06,1.49925E-06,-7.49625E-06
0.667,0,1.7991E-05,-5.997E-06,-4.49775E-06,-4.49775E-06,0,0,0,8.9955E-06,4.49775E-06
0.733,2.9985E-06,0,4.49775E-06,1.49925E-06,0,0,-1.49925E-06,0,-5.997E-06,5.997E-06
0.8,4.49775E-06,-1.04948E-05,0,0,0,0,-7.49625E-06,-1.49925E-06,-1.49925E-06,1.49925E-06
0.867,-2.9985E-06,0,-1.49925E-06,1.49925E-06,0,0,0,0,4.49775E-06,-7.49625E-06
0.933,0,0,-2.9985E-06,0,-5.997E-06,1.34933E-06,0,0,1.49925E-06,0
1,-7.49625E-06,-4.49775E-06,-4.49775E-06,0,0,0,0,0,8.9955E-06,4.49775E-06
1.07,2.9985E-06,1.49925E-06,0,0,8.9955E-06,4.1979E-06,5.997E-06,-1.49925E-06,2.9985E-06,0
1.13,0,0,-2.9985E-06,-1.34933E-05,-1.49925E-06,0,-1.49925E-06,0,2.9985E-06,-1.49925E-06
1.2,0,0,5.997E-06,8.9955E-06,0,0,-1.49925E-06,0,1.49925E-06,0
1.27,2.9985E-06,1.49925E-06,0,0,8.9955E-06,0,0,0,-1.49925E-06,0
1.33,2.9985E-06,-8.9955E-06,1.49925E-06,0,0,1.49925E-06,0,0,-5.997E-06,0
1.4,-1.49925E-06,1.49925E-06,0,2.9985E-06,-4.49775E-06,4.1979E-06,1.49925E-06,0,1.49925E-06,1.04948E-05
1.47,-4.49775E-06,-1.49925E-06,1.49925E-06,4.49775E-06,0,2.84858E-06,0,0,-2.9985E-06,-1.49925E-06
1.53,-5.997E-06,2.9985E-06,8.9955E-06,0,0,4.1979E-06,0,0,0,1.49925E-06
1.6,5.997E-06,5.997E-06,-2.9985E-06,-7.49625E-06,2.9985E-06,-1.49925E-06,-1.49925E-06,0,0,0
1.67,0,-2.9985E-06,-1.49925E-06,1.49925E-06,2.9985E-06,0,0,0,0,0
1.73,0,0,0,1.49925E-06,0,0,0,0,-5.997E-06,2.9985E-06
1.8,4.49775E-06,-2.9985E-06,2.9985E-06,1.49925E-06,-1.49925E-06,0,0,0,1.49925E-06,-1.49925E-06
1.87,4.49775E-06,-2.9985E-06,1.49925E-06,-1.49925E-06,-4.49775E-06,5.69715E-06,0,0,-1.49925E-06,-1.49925E-06
1.93,0,0,2.9985E-06,0,0,0,0,1.49925E-06,-2.9985E-06,0
2,4.49775E-06,-1.49925E-06,2.9985E-06,8.9955E-06,1.49925E-06,-1.34933E-06,-1.49925E-06,0,4.49775E-06,0
2.07,-4.49775E-06,0,-5.997E-06,-1.49925E-06,0,0,2.9985E-06,1.49925E-06,0,0
2.13,-1.49925E-06,0,0,-1.49925E-06,-7.49625E-06,0,0,1.49925E-06,0,0
2.2,0,0,4.49775E-06,-4.49775E-06,0,0,0,0,5.997E-06,-1.49925E-06
2.27,0,0,4.49775E-06,1.49925E-06,1.49925E-06,0,4.49775E-06,0,1.49925E-06,0
2.33,1.04948E-05,4.49775E-06,-8.9955E-06,2.9985E-06,2.9985E-06,1.34933E-06,0,-1.49925E-06,1.49925E-06,0
2.4,-4.49775E-06,0,0,0,0,0,-2.9985E-06,-1.49925E-06,-2.9985E-06,0
2.47,-1.49925E-06,0,1.49925E-06,0,0,0,0,2.9985E-06,0,-1.49925E-06
2.53,-4.49775E-06,0,0,0,-5.997E-06,2.84858E-06,-1.49925E-06,0,4.49775E-06,-2.9985E-06
2.6,-4.49775E-06,2.9985E-06,-1.49925E-06,-1.49925E-06,0,2.84858E-06,0,0,1.49925E-06,2.9985E-06
2.67,-1.49925E-06,-5.997E-06,2.9985E-06,5.997E-06,0,0,0,0,-2.9985E-06,0
2.73,-4.49775E-06,1.49925E-06,1.49925E-06,1.49925E-06,4.49775E-06,2.69865E-06,-1.49925E-06,-1.49925E-06,0,0
2.8,4.49775E-06,5.997E-06,-1.49925E-06,0,-1.49925E-06,9.89505E-06,0,0,-1.49925E-06,2.9985E-06
2.87,-4.49775E-06,-4.49775E-06,0,7.49625E-06,0,0,0,0,0,1.49925E-06
2.93,4.49775E-06,5.997E-06,-1.49925E-06,0,0,-1.34933E-06,5.997E-06,0,1.49925E-06,1.49925E-06
3,0,2.9985E-06,0,0,1.49925E-06,2.84858E-06,0,-5.997E-06,5.997E-06,7.49625E-06
3.07,-1.49925E-06,-2.9985E-06,-1.49925E-06,0,0,0,-1.49925E-06,-1.49925E-06,-1.49925E-06,-1.04948E-05
3.13,5.997E-06,5.997E-06,0,1.49925E-06,-4.49775E-06,1.34933E-06,-1.49925E-06,5.997E-06,0,0
3.2,1.49925E-06,-1.49925E-06,2.9985E-06,2.9985E-06,2.9985E-06,-2.84858E-06,0,0,0,0
3.27,-1.49925E-06,4.49775E-06,2.9985E-06,1.49925E-06,0,-1.34933E-06,0,1.49925E-06,2.9985E-06,0
3.33,-2.9985E-06,-2.9985E-06,1.49925E-06,1.49925E-06,-2.9985E-06,0,-5.997E-06,0,0,5.997E-06
3.4,0,-7.49625E-06,1.49925E-06,1.49925E-06,0,2.84858E-06,2.9985E-06,0,1.49925E-06,5.997E-06
3.47,0,0,0,0,-1.49925E-06,0,1.49925E-06,0,-4.49775E-06,-5.997E-06
3.53,0,-4.49775E-06,0,-4.49775E-06,-5.997E-06,-1.49925E-06,0,0,-1.49925E-06,-1.49925E-06
3.6,2.9985E-06,4.49775E-06,-4.49775E-06,-4.49775E-06,-1.49925E-06,0,0,0,-1.49925E-06,0
3.67,0,-1.49925E-06,4.49775E-06,1.04948E-05,-1.49925E-06,-5.54723E-06,1.49925E-06,0,0,0
3.73,-1.49925E-06,1.49925E-06,-1.49925E-06,0,-1.49925E-06,0,-2.9985E-06,0,-2.9985E-06,1.49925E-06
3.8,2.9985E-06,-4.49775E-06,0,0,0,0,0,1.49925E-06,0,1.49925E-06
3.87,5.997E-06,0,0,1.49925E-06,-1.49925E-06,0,-2.9985E-06,0,2.9985E-06,-1.49925E-06
3.93,0,0,0,1.49925E-06,0,0,-1.49925E-06,0,2.9985E-06,1.49925E-06
4,0,0,0,7.49625E-06,7.49625E-06,1.34933E-06,0,0,1.49925E-06,4.49775E-06
4.07,2.9985E-06,4.49775E-06,0,0,1.49925E-06,0,0,0,-2.9985E-06,-4.49775E-06
4.13,-2.9985E-06,2.9985E-06,1.1994E-05,-5.997E-06,-2.9985E-06,-1.34933E-06,0,0,-5.997E-06,1.49925E-06
4.2,2.9985E-06,-1.49925E-06,-4.49775E-06,1.04948E-05,0,0,0,0,0,1.49925E-06
4.27,-2.9985E-06,-1.49925E-06,-1.49925E-06,-1.49925E-06,0,0,0,0,0,-1.49925E-06
4.33,2.9985E-06,-4.49775E-06,-1.49925E-06,-7.49625E-06,0,0,0,0,5.997E-06,-4.49775E-06
4.4,2.9985E-06,-1.49925E-06,2.9985E-06,0,1.49925E-06,-1.49925E-06,0,0,5.997E-06,-1.49925E-06
4.47,1.04948E-05,-4.49775E-06,7.49625E-06,4.49775E-06,0,0,0,0,1.49925E-06,0
4.53,0,1.49925E-06,-1.49925E-06,0,-7.49625E-06,0,2.9985E-06,0,1.49925E-06,1.49925E-06
4.6,-5.997E-06,4.49775E-06,-2.9985E-06,0,-2.9985E-06,-1.34933E-06,0,-1.49925E-06,7.49625E-06,0
4.67,2.9985E-06,-7.49625E-06,-1.49925E-06,2.9985E-06,0,0,-2.9985E-06,-1.49925E-06,0,-1.49925E-06
4.73,1.49925E-06,0,-2.9985E-06,-2.9985E-06,0,0,-1.49925E-06,0,-1.49925E-06,0
4.8,-4.49775E-06,4.49775E-06,-4.49775E-06,-1.49925E-06,0,0,2.9985E-06,1.49925E-06,0,0
4.87,1.49925E-06,0,2.9985E-06,0,1.49925E-06,-7.04648E-06,0,1.49925E-06,2.9985E-06,-1.49925E-06
4.93,-1.49925E-06,0,0,0,8.9955E-06,-5.69715E-06,4.49775E-06,0,1.49925E-06,-1.49925E-06
5,2.9985E-06,0,-1.49925E-06,-4.49775E-06,0,0,-2.9985E-06,-1.49925E-06,0,-1.49925E-06
5.07,-5.997E-06,0,2.9985E-06,-4.49775E-06,-5.997E-06,0,-2.9985E-06,-1.49925E-06,1.49925E-06,2.9985E-06
5.13,0,0,0,0,0,1.49925E-06,0,-4.49775E-06,0,0
5.2,0,0,0,0,2.9985E-06,1.34933E-06,2.9985E-06,5.997E-06,1.49925E-06,1.49925E-06
5.27,0,0,-4.49775E-06,2.9985E-06,2.9985E-06,5.69715E-06,1.49925E-06,0,1.49925E-06,1.49925E-06
5.33,0,0,5.997E-06,0,0,1.34933E-06,0,0,4.49775E-06,-1.49925E-06
5.4,0,0,1.49925E-06,0,-2.9985E-06,-1.34933E-06,0,-1.49925E-06,-2.9985E-06,-2.9985E-06
5.47,2.9985E-06,0,-2.9985E-06,-1.49925E-06,0,0,0,0,-2.9985E-06,-1.49925E-06
5.53,-2.9985E-06,-2.9985E-06,0,0,0,0,0,0,0,0
5.6,-2.9985E-06,0,0,0,0,0,-4.49775E-06,0,-4.49775E-06,0
5.67,-1.49925E-06,0,1.49925E-06,1.49925E-06,4.49775E-06,0,-2.9985E-06,0,-1.49925E-06,4.49775E-06
5.73,0,0,0,-4.49775E-06,-1.49925E-06,-1.49925E-06,2.9985E-06,0,0,4.49775E-06
5.8,0,0,0,0,-4.49775E-06,-2.84858E-06,0,0,1.49925E-06,4.49775E-06
5.87,0,0,0,0,1.49925E-06,0,0,0,0,-1.04948E-05
5.93,-4.49775E-06,-7.49625E-06,-1.49925E-06,-2.9985E-06,1.49925E-06,0,0,0,2.9985E-06,-1.49925E-06
6,0,0,-1.49925E-06,-1.49925E-06,0,0,0,0,1.49925E-06,1.1994E-05
6.07,-2.9985E-06,1.49925E-06,0,0,1.49925E-06,1.49925E-06,-1.49925E-06,0,-1.49925E-06,-8.9955E-06
6.13,4.49775E-06,0,0,0,1.49925E-06,2.84858E-06,0,0,-1.49925E-06,-2.9985E-06
6.2,0,0,1.49925E-06,5.997E-06,1.49925E-06,0,0,1.49925E-06,-1.49925E-06,0
6.27,0,0,0,0,1.49925E-06,0,1.34933E-05,1.49925E-06,-1.49925E-06,1.49925E-06
6.33,0,0,0,-1.49925E-06,2.9985E-06,-4.34783E-06,0,1.49925E-06,-1.49925E-06,0
6.4,0,0,0,0,-1.49925E-06,-1.34933E-06,-2.9985E-06,-1.49925E-06,-1.49925E-06,0
6.47,0,0,0,-1.49925E-06,-1.49925E-06,-1.34933E-06,-1.49925E-06,0,-1.49925E-06,-1.49925E-06
6.53,0,0,-2.9985E-06,0,-1.49925E-06,-1.49925E-06,0,0,1.49925E-06,0
6.6,0,-1.49925E-06,-1.49925E-06,2.9985E-06,0,0,0,0,0,0
6.67,4.49775E-06,-4.49775E-06,1.49925E-06,4.49775E-06,0,0,0,0,1.49925E-06,0
6.73,-1.49925E-06,5.997E-06,2.9985E-06,-4.49775E-06,0,-2.84858E-06,-4.49775E-06,-2.9985E-06,0,0
6.8,1.49925E-06,0,0,-1.49925E-06,0,0,2.9985E-06,0,2.9985E-06,0
6.87,0,0,0,0,-1.49925E-06,0,1.49925E-06,1.49925E-06,2.9985E-06,1.49925E-06
6.93,0,0,1.49925E-06,0,2.9985E-06,1.49925E-06,0,0,0,-1.49925E-06
7,-1.49925E-06,-4.49775E-06,0,0,1.49925E-06,2.84858E-06,0,0,1.49925E-06,0
7.07,0,0,4.49775E-06,1.49925E-06,-1.49925E-06,-1.49925E-06,1.49925E-06,-2.9985E-06,0,0
7.13,0,0,1.49925E-06,1.49925E-06,1.49925E-06,-5.54723E-06,0,0,1.49925E-06,0
7.2,0,0,0,0,1.49925E-06,0,-1.49925E-06,0,-5.997E-06,0
7.27,-1.49925E-06,4.49775E-06,0,0,-5.997E-06,7.04648E-06,0,0,-8.9955E-06,2.9985E-06
7.33,-1.49925E-06,0,5.997E-06,4.49775E-06,-2.9985E-06,-4.34783E-06,0,0,0,2.9985E-06
7.4,2.9985E-06,-4.49775E-06,1.49925E-06,2.9985E-06,1.49925E-06,-1.34933E-06,0,0,4.49775E-06,-1.49925E-06
7.47,-7.49625E-06,1.49925E-06,-2.9985E-06,-4.49775E-06,2.9985E-06,0,0,1.49925E-06,-1.49925E-06,0
7.53,0,0,0,-1.49925E-06,-4.49775E-06,0,-2.9985E-06,0,-5.997E-06,1.49925E-06
7.6,0,7.49625E-06,0,0,0,0,-1.49925E-06,0,-2.9985E-06,1.49925E-06
7.67,2.9985E-06,4.49775E-06,1.49925E-06,0,1.49925E-06,4.1979E-06,0,0,0,0
7.73,4.49775E-06,-1.49925E-06,0,0,-1.49925E-06,4.1979E-06,-1.49925E-06,0,1.49925E-06,0
7.8,-1.49925E-06,-1.49925E-06,1.49925E-06,0,-1.49925E-06,1.49925E-06,0,1.49925E-06,1.04948E-05,1.49925E-06
7.87,-5.997E-06,-2.9985E-06,8.9955E-06,0,-1.49925E-06,0,0,0,0,1.49925E-06
7.93,4.49775E-06,-2.9985E-06,5.997E-06,0,5.997E-06,-5.69715E-06,-1.49925E-06,0,0,0
8,0,0,4.49775E-06,1.49925E-06,-5.997E-06,0,0,0,-1.49925E-06,4.49775E-06
8.07,0,0,0,5.997E-06,4.49775E-06,0,4.49775E-06,0,0,0
8.13,0,0,-5.997E-06,0,5.997E-06,1.49925E-06,0,0,0,0
8.2,2.9985E-06,4.49775E-06,0,-2.9985E-06,-5.997E-06,4.1979E-06,0,0,0,0
8.27,-4.49775E-06,0,1.49925E-06,0,1.49925E-06,0,0,1.49925E-06,0,0
8.33,-5.997E-06,-4.49775E-06,1.49925E-06,1.49925E-06,-1.49925E-06,2.84858E-06,-4.49775E-06,0,0,0
8.4,0,0,0,0,-1.49925E-06,1.34933E-06,0,0,2.9985E-06,8.9955E-06
8.47,0,0,-2.9985E-06,1.49925E-06,-2.9985E-06,0,1.49925E-06,0,0,0
8.53,5.997E-06,0,0,4.49775E-06,1.49925E-06,0,1.49925E-06,0,0,0
8.6,-8.9955E-06,2.9985E-06,-4.49775E-06,-1.49925E-06,5.997E-06,1.34933E-06,0,0,7.49625E-06,2.9985E-06
8.67,2.9985E-06,-4.49775E-06,1.49925E-06,-2.9985E-06,-4.49775E-06,0,0,-1.49925E-06,-1.49925E-06,1.49925E-06
8.73,-2.9985E-06,0,1.49925E-06,0,-4.49775E-06,-1.34933E-06,0,0,-1.49925E-06,0
8.8,0,0,0,0,2.9985E-06,0,0,0,-1.49925E-06,-2.9985E-06
8.87,0,0,-2.9985E-06,0,0,0,0,0,-2.9985E-06,-4.49775E-06
8.93,0,2.9985E-06,-2.9985E-06,-1.49925E-06,0,0,0,0,0,0
9,-4.49775E-06,1.49925E-06,1.49925E-06,2.9985E-06,-1.49925E-06,0,0,0,-4.49775E-06,0
9.07,5.997E-06,-4.49775E-06,1.49925E-06,0,2.9985E-06,1.34933E-06,0,0,-2.9985E-06,0
9.13,0,0,0,0,0,2.84858E-06,0,0,0,0
9.2,0,1.49925E-06,0,0,-2.9985E-06,-1.34933E-06,1.49925E-06,0,1.49925E-06,-2.9985E-06
9.27,-5.997E-06,0,2.9985E-06,1.49925E-06,-2.9985E-06,1.34933E-06,0,0,0,-5.997E-06
9.33,7.49625E-06,-2.9985E-06,5.997E-06,4.49775E-06,0,0,0,0,4.49775E-06,0
9.4,-1.49925E-06,4.49775E-06,-8.9955E-06,0,-2.9985E-06,-1.34933E-06,0,0,2.9985E-06,2.9985E-06
9.47,5.997E-06,1.49925E-06,1.49925E-06,0,-2.9985E-06,-1.49925E-06,0,0,0,0
9.53,-5.997E-06,-1.04948E-05,7.49625E-06,-7.49625E-06,-1.49925E-06,0,0,0,0,-2.9985E-06
9.6,1.49925E-06,5.997E-06,-2.9985E-06,1.49925E-06,0,0,0,0,0,2.9985E-06
9.67,0,0,-1.49925E-06,2.9985E-06,0,0,0,0,0,1.49925E-06
9.73,0,0,-1.49925E-06,1.49925E-06,0,0,0,0,0,2.9985E-06
9.8,0,0,0,1.49925E-06,0,0,0,1.49925E-06,-1.49925E-06,0
9.87,2.9985E-06,0,0,-1.49925E-06,-2.9985E-06,2.84858E-06,1.49925E-06,0,-8.9955E-06,-5.997E-06
9.93,0,0,0,0,0,7.04648E-06,1.49925E-06,0,-1.49925E-06,0
10,-4.49775E-06,-2.9985E-06,0,0,0,0,-1.49925E-06,0,0,0
10.1,0,0,0,0,1.49925E-06,0,0,0,0,0
10.1,2.9985E-06,1.49925E-06,0,0,0,0,0,0,0,4.49775E-06
10.2,-5.997E-06,5.997E-06,0,0,-1.49925E-06,0,-1.49925E-06,0,-2.9985E-06,4.49775E-06
10.3,-2.9985E-06,1.49925E-06,0,0,-1.49925E-06,0,0,0,-1.49925E-06,0
10.3,1.49925E-06,0,0,0,0,0,0,0,-1.49925E-06,-4.49775E-06
10.4,2.9985E-06,4.49775E-06,2.9985E-06,0,-1.49925E-06,1.49925E-06,0,0,0,-1.49925E-06
10.5,0,4.49775E-06,2.9985E-06,0,2.9985E-06,-1.49925E-06,0,0,0,0
10.5,-2.9985E-06,-1.49925E-06,0,0,-2.9985E-06,0,0,0,0,0
10.6,-2.9985E-06,0,-1.49925E-06,0,-4.49775E-06,-2.84858E-06,0,0,0,0
10.7,-2.9985E-06,0,0,0,5.997E-06,0,0,0,-7.49625E-06,-1.49925E-06
10.7,0,0,2.9985E-06,0,0,0,-2.9985E-06,0,0,1.49925E-06
10.8,2.9985E-06,-2.9985E-06,0,0,-4.49775E-06,1.49925E-06,1.49925E-06,0,0,4.49775E-06
10.9,0,0,0,0,-4.49775E-06,1.34933E-06,0,0,0,2.9985E-06
10.9,0,0,1.49925E-06,8.9955E-06,8.9955E-06,-1.34933E-06,1.49925E-06,0,0,0
11,0,0,0,-1.49925E-06,-1.49925E-06,0,2.9985E-06,0,2.9985E-06,2.9985E-06
11.1,0,0,-2.9985E-06,-4.49775E-06,-4.49775E-06,0,0,0,2.9985E-06,1.49925E-06
11.1,0,0,0,0,-1.49925E-06,0,-2.9985E-06,0,1.49925E-06,-1.49925E-06
11.2,0,4.49775E-06,1.49925E-06,1.49925E-06,1.49925E-06,2.84858E-06,-2.9985E-06,-1.49925E-06,1.49925E-06,0
11.3,0,0,0,0,1.49925E-06,-1.49925E-06,0,0,-5.997E-06,-2.9985E-06
11.3,2.9985E-06,-7.49625E-06,-1.49925E-06,0,2.9985E-06,0,0,0,0,0
11.4,0,0,-2.9985E-06,0,1.49925E-06,0,0,0,0,0
11.5,0,0,0,0,0,-2.84858E-06,0,0,-4.49775E-06,0
11.5,0,5.997E-06,5.997E-06,1.49925E-06,-2.9985E-06,-1.34933E-06,0,0,-1.49925E-06,0
11.6,-4.49775E-06,0,0,0,0,0,1.49925E-06,0,0,0
11.7,0,0,-2.9985E-06,0,-1.49925E-06,-1.34933E-06,1.49925E-06,0,1.49925E-06,0
11.7,-1.49925E-06,0,0,0,0,0,-1.49925E-06,1.49925E-06,0,-1.49925E-06
11.8,0,0,0,0,0,0,0,0,-7.49625E-06,-2.9985E-06
11.9,-1.49925E-06,-5.997E-06,0,0,0,0,0,0,4.49775E-06,-1.49925E-06
11.9,1.49925E-06,-1.49925E-06,0,0,7.49625E-06,-4.34783E-06,0,0,-4.49775E-06,1.49925E-06
12,0,0,-1.49925E-06,0,-1.49925E-06,0,0,0,2.9985E-06,-4.49775E-06
12.1,-1.49925E-06,0,0,0,0,0,0,0,0,0
12.1,0,0,0,0,-1.49925E-06,0,0,0,-4.49775E-06,1.49925E-06
12.2,-1.49925E-06,0,0,0,0,-1.34933E-06,0,0,-4.49775E-06,1.49925E-06
12.3,0,0,1.49925E-06,0,-1.49925E-06,0,0,0,-4.49775E-06,-8.9955E-06
12.3,0,0,0,0,-2.9985E-06,0,0,0,1.49925E-06,2.9985E-06
12.4,0,1.49925E-06,0,0,0,0,0,0,1.49925E-06,1.49925E-06
12.5,1.49925E-06,8.9955E-06,2.9985E-06,-1.49925E-06,0,0,0,0,0,-7.49625E-06
12.5,-4.49775E-06,-1.49925E-06,-2.9985E-06,0,-1.49925E-06,0,-1.49925E-06,-1.49925E-06,4.49775E-06,-2.9985E-06
12.6,-2.9985E-06,0,-1.49925E-06,0,-5.997E-06,2.84858E-06,0,-1.49925E-06,2.9985E-06,1.49925E-06
12.7,0,0,5.997E-06,0,1.49925E-06,0,0,0,-2.9985E-06,7.49625E-06
12.7,0,0,-5.997E-06,0,2.9985E-06,1.34933E-06,0,0,0,1.49925E-06
12.8,1.49925E-06,-1.49925E-06,-2.9985E-06,2.9985E-06,1.49925E-06,0,0,0,0,-4.49775E-06
12.9,4.49775E-06,-7.49625E-06,4.49775E-06,2.9985E-06,0,-2.84858E-06,0,0,0,0
12.9,1.49925E-06,5.997E-06,0,0,-5.997E-06,1.49925E-06,0,0,0,-2.9985E-06
13,0,1.49925E-06,0,0,1.49925E-06,0,0,0,0,0
13.1,0,-4.49775E-06,2.9985E-06,0,2.9985E-06,-1.49925E-06,0,0,-2.9985E-06,1.49925E-06
13.1,1.49925E-06,0,0,0,4.49775E-06,-1.34933E-06,0,0,-1.49925E-06,0
13.2,0,0,-1.49925E-06,4.49775E-06,0,0,0,0,-1.49925E-06,-1.49925E-06
13.3,0,0,1.49925E-06,0,-1.49925E-06,4.1979E-06,0,0,-1.49925E-06,-1.49925E-06
13.3,0,0,0,-1.49925E-06,0,2.84858E-06,-1.49925E-06,0,1.49925E-06,4.49775E-06
13.4,0,-4.49775E-06,-2.9985E-06,-1.49925E-06,4.49775E-06,0,0,1.49925E-06,4.49775E-06,0
13.5,1.49925E-06,-1.49925E-06,0,-1.49925E-06,0,0,0,0,7.49625E-06,-1.49925E-06
13.5,0,0,0,0,0,0,0,0,1.04948E-05,0
13.6,0,0,0,-2.9985E-06,2.9985E-06,1.34933E-06,1.49925E-06,0,2.9985E-06,1.49925E-06
13.7,0,2.9985E-06,2.9985E-06,-1.49925E-06,0,0,0,0,-4.49775E-06,-1.49925E-06
13.7,0,0,1.49925E-06,0,-8.9955E-06,1.49925E-06,1.49925E-06,0,-4.49775E-06,2.9985E-06
13.8,0,0,0,0,-2.9985E-06,0,0,0,0,1.49925E-06
13.9,0,0,0,-1.49925E-06,4.49775E-06,0,0,0,1.49925E-06,0
13.9,2.9985E-06,0,-2.9985E-06,0,1.49925E-06,0,0,0,0,0
14,0,0,-1.49925E-06,1.49925E-06,8.9955E-06,0,0,0,1.49925E-06,-1.49925E-06
14.1,0,0,1.49925E-06,5.997E-06,-4.49775E-06,0,0,0,-1.49925E-06,-1.49925E-06
14.1,0,0,0,0,-5.997E-06,-1.49925E-06,0,0,-4.49775E-06,0
14.2,0,0,-1.49925E-06,-1.49925E-06,0,0,0,0,-1.49925E-06,2.9985E-06
14.3,1.49925E-06,0,4.49775E-06,2.9985E-06,2.9985E-06,-1.34933E-06,4.49775E-06,0,0,-1.49925E-06
14.3,2.9985E-06,0,1.49925E-06,1.49925E-06,-1.49925E-06,0,2.9985E-06,0,8.9955E-06,-1.49925E-06
14.4,2.9985E-06,0,0,5.997E-06,-1.49925E-06,5.69715E-06,0,-1.49925E-06,2.9985E-06,8.9955E-06
14.5,2.9985E-06,-1.49925E-06,1.49925E-06,5.997E-06,2.9985E-06,1.34933E-06,-2.9985E-06,0,-2.9985E-06,1.49925E-06
14.5,-2.9985E-06,-4.49775E-06,-7.49625E-06,0,-2.9985E-06,-4.1979E-06,0,0,-1.49925E-06,2.9985E-06
14.6,0,0,1.49925E-06,0,-2.9985E-06,-1.49925E-06,5.997E-06,-2.9985E-06,4.49775E-06,-2.9985E-06
14.7,-1.49925E-06,0,1.49925E-06,-2.9985E-06,4.49775E-06,7.1964E-06,0,0,0,-1.49925E-06
14.7,4.49775E-06,-5.997E-06,0,-5.997E-06,1.49925E-06,2.69865E-06,-5.997E-06,1.49925E-06,-4.49775E-06,-2.9985E-06
14.8,-2.9985E-06,7.49625E-06,-1.49925E-06,4.49775E-06,4.49775E-06,-4.1979E-06,0,1.49925E-06,0,0
14.9,0,0,-1.49925E-06,4.49775E-06,5.997E-06,0,0,0,5.997E-06,4.49775E-06
14.9,1.49925E-06,-1.49925E-06,0,-1.49925E-06,0,0,-1.49925E-06,0,0,0
15,0,0,1.49925E-06,-5.997E-06,-2.9985E-06,-1.34933E-06,0,0,-1.49925E-06,0
15.1,0,4.49775E-06,0,2.9985E-06,-1.49925E-06,0,0,0,-1.49925E-06,-2.9985E-06
15.1,0,0,0,0,5.997E-06,-1.49925E-06,0,0,0,-1.49925E-06
15.2,8.9955E-06,1.49925E-06,-4.49775E-06,0,2.9985E-06,2.84858E-06,0,0,1.49925E-06,-4.49775E-06
15.3,0,0,0,0,0,1.49925E-06,1.49925E-06,0,2.9985E-06,-4.49775E-06
15.3,2.9985E-06,0,1.49925E-06,0,-1.49925E-06,1.34933E-06,0,0,-5.997E-06,7.49625E-06
15.4,1.49925E-06,0,0,0,-1.49925E-06,0,0,0,0,1.49925E-06
15.5,-8.9955E-06,-1.49925E-06,0,1.49925E-06,0,1.34933E-06,0,0,0,0
15.5,0,0,0,2.9985E-06,4.49775E-06,1.49925E-06,0,0,0,0
15.6,-2.9985E-06,0,0,1.49925E-06,2.9985E-06,0,0,0,-2.9985E-06,-7.49625E-06
15.7,4.49775E-06,0,-1.49925E-06,2.9985E-06,0,7.04648E-06,0,0,-5.997E-06,1.49925E-06
15.7,0,0,0,0,0,0,0,0,-1.49925E-06,0
15.8,1.49925E-06,0,1.49925E-06,0,-4.49775E-06,0,0,0,1.49925E-06,0
15.9,0,-5.997E-06,4.49775E-06,-1.49925E-06,-1.49925E-06,0,0,0,0,0
15.9,0,0,1.49925E-06,0,0,0,-5.997E-06,0,0,0
16,0,0,0,0,0,-1.49925E-06,0,0,-2.9985E-06,0
16.1,-8.9955E-06,1.49925E-06,0,0,0,0,0,0,0,0
16.1,5.997E-06,0,2.9985E-06,-2.9985E-06,4.49775E-06,4.34783E-06,1.49925E-06,0,-2.9985E-06,-1.49925E-06
16.2,0,0,0,0,0,0,-1.49925E-06,0,0,-1.49925E-06
16.3,-1.49925E-06,0,-1.49925E-06,0,0,0,0,0,0,1.49925E-06
16.3,0,0,0,0,-1.49925E-06,1.34933E-06,0,0,0,0
16.4,-1.49925E-06,1.49925E-06,0,0,-4.49775E-06,-1.34933E-06,1.49925E-06,1.49925E-06,5.997E-06,-2.9985E-06
16.5,0,0,0,0,1.49925E-06,-2.84858E-06,0,0,0,-4.49775E-06
16.5,0,4.49775E-06,2.9985E-06,2.9985E-06,0,0,-1.49925E-06,0,0,0
16.6,5.997E-06,0,1.49925E-06,4.49775E-06,0,0,0,0,-4.49775E-06,4.49775E-06
16.7,4.49775E-06,-2.9985E-06,0,0,1.49925E-06,-1.49925E-06,0,0,0,0
16.7,-2.9985E-06,-2.9985E-06,1.49925E-06,-4.49775E-06,7.49625E-06,-1.34933E-06,0,0,0,0
16.8,-7.49625E-06,2.9985E-06,0,0,-4.49775E-06,0,0,0,0,0
16.9,-1.49925E-06,7.49625E-06,0,0,-1.49925E-06,-1.34933E-06,1.49925E-06,0,-1.49925E-06,1.49925E-06
16.9,1.49925E-06,-4.49775E-06,1.49925E-06,0,0,0,0,0,0,-4.49775E-06
17,0,0,-1.49925E-06,-1.49925E-06,0,-2.84858E-06,0,0,-1.49925E-06,-1.49925E-06
17.1,-2.9985E-06,0,0,1.49925E-06,4.49775E-06,-1.49925E-06,0,0,0,0
17.1,0,0,-5.997E-06,1.49925E-06,2.9985E-06,5.69715E-06,0,0,1.49925E-06,0
17.2,7.49625E-06,2.9985E-06,0,1.49925E-06,0,1.34933E-06,0,0,2.9985E-06,0
17.3,-1.49925E-06,-1.49925E-06,0,1.49925E-06,-1.49925E-06,0,0,0,2.9985E-06,1.49925E-06
17.3,-5.997E-06,-1.49925E-06,-1.49925E-06,-2.9985E-06,-4.49775E-06,0,0,0,0,0
17.4,0,0,1.49925E-06,-1.49925E-06,0,1.49925E-06,4.49775E-06,0,0,0
17.5,1.04948E-05,-1.04948E-05,0,0,1.49925E-06,2.84858E-06,0,0,-1.49925E-06,0
17.5,-1.04948E-05,4.49775E-06,0,0,-2.9985E-06,4.1979E-06,-2.9985E-06,0,0,0
17.6,-2.9985E-06,-5.997E-06,-2.9985E-06,0,-1.49925E-06,7.04648E-06,0,1.49925E-06,1.49925E-06,1.49925E-06
17.7,0,0,0,1.49925E-06,1.04948E-05,-8.54573E-06,1.49925E-06,0,-5.997E-06,0
17.7,-1.49925E-06,5.997E-06,1.49925E-06,0,-2.9985E-06,-2.69865E-06,0,0,0,4.49775E-06
17.8,1.49925E-06,5.997E-06,4.49775E-06,0,-4.49775E-06,4.1979E-06,0,0,5.997E-06,0
17.9,2.9985E-06,-4.49775E-06,2.9985E-06,1.49925E-06,-4.49775E-06,1.34933E-06,0,0,2.9985E-06,0
17.9,-1.49925E-06,0,-1.49925E-06,0,-2.9985E-06,-4.1979E-06,0,0,0,1.49925E-06
18,0,0,-1.49925E-06,0,0,-4.1979E-06,0,0,0,0
18.1,-1.49925E-06,0,2.9985E-06,1.49925E-06,7.49625E-06,2.84858E-06,0,0,0,-5.997E-06
18.1,5.997E-06,4.49775E-06,1.49925E-06,-1.49925E-06,4.49775E-06,2.69865E-06,0,0,0,5.997E-06
18.2,-2.9985E-06,0,0,0,-7.49625E-06,4.34783E-06,0,0,-2.9985E-06,2.9985E-06
18.3,-1.49925E-06,0,0,-1.49925E-06,-5.997E-06,4.1979E-06,0,0,-2.9985E-06,0
18.3,1.49925E-06,1.49925E-06,-1.49925E-06,0,0,0,0,0,0,0
18.4,1.49925E-06,1.49925E-06,1.49925E-06,-1.49925E-06,-1.49925E-06,-1.49925E-06,-1.49925E-06,0,0,-2.9985E-06
18.5,0,1.49925E-06,0,0,7.49625E-06,-1.34933E-06,-1.49925E-06,0,0,0
18.5,0,1.49925E-06,1.49925E-06,0,0,0,-1.49925E-06,0,-2.9985E-06,0
18.6,0,0,0,0,-4.49775E-06,1.34933E-06,0,0,-2.9985E-06,0
18.7,0,0,0,0,0,1.49925E-06,0,0,2.9985E-06,2.9985E-06
18.7,0,0,-1.49925E-06,1.49925E-06,4.49775E-06,-1.49925E-06,1.49925E-06,0,-2.9985E-06,1.49925E-06
18.8,2.9985E-06,-8.9955E-06,-1.49925E-06,4.49775E-06,-1.49925E-06,0,0,0,0,1.49925E-06
18.9,1.49925E-06,-1.49925E-06,0,1.49925E-06,0,1.49925E-06,0,0,0,0
18.9,0,0,0,-2.9985E-06,-2.9985E-06,3.44828E-06,0,0,1.49925E-06,0
19,-1.49925E-06,1.49925E-06,-1.49925E-06,-2.9985E-06,-2.9985E-06,-1.49925E-06,0,0,0,0
19.1,-2.9985E-06,1.49925E-06,1.49925E-06,0,0,0,0,0,1.49925E-06,0
19.1,0,0,0,0,4.49775E-06,1.49925E-06,-1.49925E-06,0,2.9985E-06,-1.49925E-06
19.2,4.49775E-06,1.49925E-06,-5.997E-06,-1.49925E-06,4.49775E-06,0,-1.49925E-06,0,0,-1.49925E-06
19.3,0,0,-2.9985E-06,0,1.49925E-06,1.49925E-06,0,0,-2.9985E-06,-2.9985E-06
19.3,0,0,-1.49925E-06,0,2.9985E-06,0,2.9985E-06,0,0,0
19.4,0,0,7.49625E-06,0,2.9985E-06,-1.49925E-06,0,0,0,0
19.5,-1.49925E-06,0,-4.49775E-06,1.49925E-06,-5.997E-06,-1.49925E-06,0,0,0,0
19.5,0,0,-2.9985E-06,2.9985E-06,-4.49775E-06,0,-1.49925E-06,0,1.49925E-06,-1.49925E-06
19.6,-1.49925E-06,0,1.49925E-06,-1.49925E-06,5.997E-06,1.49925E-06,0,0,1.49925E-06,2.9985E-06
19.7,0,0,0,0,0,0,0,0,0,0
19.7,0,0,-5.997E-06,5.997E-06,0,0,0,0,-1.49925E-06,-1.49925E-06
19.8,-2.9985E-06,-4.49775E-06,2.9985E-06,1.49925E-06,-2.9985E-06,-1.49925E-06,-1.49925E-06,0,-1.49925E-06,0
19.9,2.9985E-06,0,2.9985E-06,0,-1.49925E-06,0,0,0,0,0
19.9,0,-1.49925E-06,0,1.49925E-06,0,0,1.49925E-06,0,0,0
20,-2.9985E-06,-2.9985E-06,5.997E-06,5.997E-06,2.9985E-06,0,1.49925E-06,0,-2.9985E-06,2.9985E-06
20.1,0,0,2.9985E-06,0,-1.49925E-06,0,0,0,2.9985E-06,0
20.1,4.49775E-06,5.997E-06,-1.49925E-06,-4.49775E-06,-2.9985E-06,-1.94903E-06,0,0,0,0
20.2,0,0,-1.49925E-06,-4.49775E-06,4.49775E-06,0,0,0,-5.997E-06,-1.49925E-06
20.3,0,0,0,-1.49925E-06,1.49925E-06,-4.1979E-06,0,0,-2.9985E-06,0
20.3,0,0,0,0,2.9985E-06,0,0,0,0,0
20.4,0,0,0,-8.9955E-06,1.49925E-06,0,1.49925E-06,0,2.9985E-06,-1.49925E-06
20.5,-1.49925E-06,1.1994E-05,4.49775E-06,1.49925E-06,2.9985E-06,0,0,0,1.49925E-06,0
20.5,-2.9985E-06,0,-1.1994E-05,7.49625E-06,0,0,-1.49925E-06,0,1.49925E-06,0
20.6,-1.49925E-06,0,1.04948E-05,-5.997E-06,0,0,0,0,2.9985E-06,0
20.7,0,0,-1.49925E-06,-1.49925E-06,-1.49925E-06,2.69865E-06,0,0,0,5.997E-06
20.7,1.49925E-06,5.997E-06,-2.9985E-06,0,0,1.49925E-06,0,0,0,0
20.8,0,1.49925E-06,0,0,1.49925E-06,1.94903E-06,0,0,0,0
20.9,2.9985E-06,-2.9985E-06,4.49775E-06,0,0,0,0,0,0,0
20.9,1.49925E-06,-1.49925E-06,0,-1.49925E-06,0,0,0,0,2.9985E-06,-1.49925E-06
21,0,0,-7.49625E-06,-1.49925E-06,-1.04948E-05,0,0,0,0,0
21.1,0,0,0,0,8.9955E-06,1.49925E-06,0,0,-1.49925E-06,0
21.1,2.9985E-06,-1.49925E-06,7.49625E-06,4.49775E-06,5.997E-06,0,0,0,-4.49775E-06,0
21.2,0,0,1.49925E-06,1.49925E-06,-1.49925E-06,0,-1.49925E-06,0,0,0
21.3,0,0,-4.49775E-06,1.49925E-06,0,0,0,0,0,0
21.3,0,0,1.49925E-06,1.49925E-06,-1.49925E-06,1.49925E-06,0,0,-2.9985E-06,1.49925E-06
21.4,2.9985E-06,0,2.9985E-06,-1.49925E-06,0,-1.1994E-05,0,0,0,2.9985E-06
21.5,1.49925E-06,0,0,0,5.997E-06,-4.1979E-06,0,0,0,1.49925E-06
21.5,1.49925E-06,0,0,-1.49925E-06,1.49925E-06,4.1979E-06,0,0,-1.49925E-06,0
21.6,-4.49775E-06,-2.9985E-06,-1.49925E-06,2.9985E-06,-1.49925E-06,7.04648E-06,0,0,0,1.49925E-06
21.7,1.49925E-06,0,1.49925E-06,1.49925E-06,-4.49775E-06,-2.84858E-06,0,0,0,0
21.7,4.49775E-06,1.49925E-06,-4.49775E-06,0,4.49775E-06,-4.1979E-06,0,0,-4.49775E-06,-2.9985E-06
21.8,0,0,0,2.9985E-06,0,0,0,0,0,0
21.9,-1.49925E-06,0,0,0,1.49925E-06,0,0,0,2.9985E-06,-1.49925E-06
21.9,0,0,0,0,1.49925E-06,0,0,0,0,-1.49925E-06
22,0,0,2.9985E-06,-1.49925E-06,0,0,0,0,0,1.49925E-06
22.1,-4.49775E-06,-1.49925E-06,2.9985E-06,-2.9985E-06,0,0,0,0,0,1.49925E-06
22.1,-2.9985E-06,0,-1.49925E-06,0,-4.49775E-06,2.84858E-06,0,0,0,1.49925E-06
22.2,1.49925E-06,2.9985E-06,-1.49925E-06,0,0,0,1.49925E-06,0,0,7.49625E-06
22.3,2.9985E-06,0,1.49925E-06,-1.49925E-06,0,2.69865E-06,0,0,0,0
22.3,0,0,8.9955E-06,2.9985E-06,4.49775E-06,0,0,0,0,0
22.4,0,-2.9985E-06,-4.49775E-06,7.49625E-06,-2.9985E-06,-1.34933E-06,0,0,0,-1.49925E-06
22.5,1.49925E-06,-4.49775E-06,0,2.9985E-06,-2.9985E-06,-5.69715E-06,0,0,0,0
22.5,0,0,1.1994E-05,-1.1994E-05,0,-1.34933E-06,0,0,0,0
22.6,0,0,-1.49925E-06,2.9985E-06,2.9985E-06,1.34933E-06,2.9985E-06,0,0,0
22.7,-4.49775E-06,-1.49925E-06,-1.49925E-06,5.997E-06,0,4.34783E-06,-1.49925E-06,0,-1.49925E-06,5.997E-06
22.7,0,0,0,0,-1.49925E-06,0,0,0,0,1.49925E-06
22.8,4.49775E-06,0,0,0,-2.9985E-06,4.1979E-06,0,0,-1.49925E-06,0
22.9,1.49925E-06,0,1.49925E-06,0,4.49775E-06,-1.49925E-06,0,0,0,0
22.9,0,0,2.9985E-06,2.9985E-06,2.9985E-06,0,0,0,0,-1.49925E-06
23,-1.49925E-06,0,0,0,1.49925E-06,-1.34933E-06,0,0,-2.9985E-06,-2.9985E-06
23.1,5.997E-06,4.49775E-06,0,0,-1.49925E-06,1.34933E-06,0,0,0,0
23.1,1.49925E-06,1.49925E-06,-1.49925E-06,0,7.49625E-06,1.49925E-06,0,0,-1.49925E-06,0
23.2,0,0,4.49775E-06,-1.49925E-06,2.9985E-06,0,1.49925E-06,0,-1.49925E-06,-1.49925E-06
23.3,0,0,0,0,1.49925E-06,1.94903E-06,0,0,5.997E-06,-5.997E-06
23.3,2.9985E-06,-2.9985E-06,1.49925E-06,0,5.997E-06,0,-1.49925E-06,0,-1.49925E-06,0
23.4,0,0,-1.49925E-06,0,-8.9955E-06,0,-2.9985E-06,0,-1.49925E-06,0
23.5,-5.997E-06,1.49925E-06,0,0,-4.49775E-06,0,0,0,-1.49925E-06,0
23.5,1.49925E-06,5.997E-06,-2.9985E-06,0,-1.49925E-06,-3.44828E-06,5.997E-06,0,-1.49925E-06,0
23.6,1.49925E-06,1.49925E-06,2.9985E-06,0,1.49925E-06,0,0,0,0,0
23.7,1.49925E-06,-1.49925E-06,0,0,7.49625E-06,0,0,0,1.49925E-06,0
23.7,0,0,-1.49925E-06,0,2.9985E-06,0,0,0,4.49775E-06,-1.49925E-06
23.8,0,0,-1.49925E-06,0,-1.49925E-06,3.44828E-06,0,0,0,-4.49775E-06
23.9,-4.49775E-06,4.49775E-06,0,0,-1.49925E-06,7.49625E-06,0,0,-2.9985E-06,0
23.9,0,-4.49775E-06,2.9985E-06,-1.49925E-06,1.49925E-06,-4.49775E-06,-1.49925E-06,-1.49925E-06,-1.04948E-05,0
24,0,0,0,0,1.49925E-06,0,0,0,0,0
24.1,-1.49925E-06,0,0,0,0,0,0,0,0,0
24.1,-2.9985E-06,1.49925E-06,0,0,5.997E-06,1.49925E-06,-4.49775E-06,0,1.49925E-06,-1.49925E-06
24.2,-1.49925E-06,0,0,0,5.997E-06,1.49925E-06,0,0,0,0
24.3,0,0,0,0,0,0,1.49925E-06,0,0,-1.49925E-06
24.3,0,1.49925E-06,-1.49925E-06,-1.49925E-06,0,0,0,0,0,0
24.4,-1.49925E-06,1.49925E-06,0,-2.9985E-06,-2.9985E-06,-4.49775E-06,1.49925E-06,0,0,0
24.5,0,0,0,0,2.9985E-06,2.9985E-06,0,0,0,0
24.5,0,0,1.49925E-06,0,0,1.49925E-06,0,0,5.997E-06,5.997E-06
24.6,0,0,-1.49925E-06,0,1.49925E-06,0,0,0,0,0
24.7,0,0,0,0,-7.49625E-06,-1.49925E-06,0,0,-1.49925E-06,0
24.7,0,0,0,0,0,0,1.49925E-06,0,-1.49925E-06,0
24.8,0,8.9955E-06,0,0,-1.49925E-06,-1.49925E-06,0,0,0,0
24.9,0,0,0,0,0,-1.49925E-06,0,0,0,0
24.9,-4.49775E-06,-4.49775E-06,0,0,0,-1.49925E-06,0,0,4.49775E-06,0
25,7.49625E-06,1.49925E-06,4.49775E-06,0,0,0,0,0,0,0
25.1,2.9985E-06,-7.49625E-06,0,0,4.49775E-06,0,0,0,-1.49925E-06,0
25.1,-2.9985E-06,-2.9985E-06,0,0,0,0,0,0,0,0
25.2,1.49925E-06,0,0,0,0,0,0,0,0,0
25.3,1.49925E-06,-2.9985E-06,0,0,0,0,0,0,0,0
25.3,-2.9985E-06,0,0,0,-1.49925E-06,0,0,0,-2.9985E-06,0
25.4,-4.49775E-06,2.9985E-06,0,0,-1.49925E-06,0,0,0,0,-2.9985E-06
25.5,0,0,-1.49925E-06,1.49925E-06,1.49925E-06,0,1.49925E-06,0,0,-2.9985E-06
25.5,0,0,2.9985E-06,7.49625E-06,4.49775E-06,1.49925E-06,0,0,0,-2.9985E-06
25.6,0,0,0,0,-5.997E-06,0,0,0,0,0
25.7,1.49925E-06,0,-4.49775E-06,0,0,0,0,0,2.9985E-06,2.9985E-06
25.7,4.49775E-06,0,2.9985E-06,0,0,0,0,0,1.49925E-06,0
25.8,-1.49925E-06,0,0,0,0,0,0,0,-1.49925E-06,0
25.9,0,0,0,0,1.49925E-06,0,-1.49925E-06,0,0,0
25.9,0,0,0,-1.49925E-06,0,0,-1.49925E-06,1.49925E-06,-1.49925E-06,0
26,-1.49925E-06,-1.04948E-05,-4.49775E-06,1.49925E-06,0,0,0,0,0,-1.49925E-06
26.1,0,1.04948E-05,-1.49925E-06,1.49925E-06,1.49925E-06,0,0,0,-2.9985E-06,-7.49625E-06
26.1,0,0,1.49925E-06,-2.9985E-06,0,0,-1.49925E-06,0,2.9985E-06,0
26.2,0,0,0,0,-2.9985E-06,0,-1.49925E-06,0,0,0
26.3,0,0,-2.9985E-06,0,0,0,0,0,0,0
26.3,0,0,-1.49925E-06,0,1.49925E-06,0,-2.9985E-06,0,-2.9985E-06,-2.9985E-06
26.4,-1.49925E-06,4.49775E-06,4.49775E-06,0,4.49775E-06,0,-1.49925E-06,0,0,0
26.5,0,2.9985E-06,-1.49925E-06,-1.49925E-06,1.49925E-06,0,4.49775E-06,0,0,0
26.5,0,-1.49925E-06,-1.49925E-06,-1.49925E-06,0,0,0,0,1.49925E-06,1.49925E-06
26.6,2.9985E-06,-4.49775E-06,0,1.49925E-06,-4.49775E-06,0,0,0,5.997E-06,5.997E-06
26.7,0,0,0,0,0,0,0,0,0,0
26.7,-1.49925E-06,-7.49625E-06,0,0,0,0,0,0,0,0
26.8,0,0,-1.49925E-06,0,0,0,0,0,0,0
26.9,0,0,2.9985E-06,-2.9985E-06,1.49925E-05,-1.04948E-05,1.49925E-06,0,0,0
26.9,0,-1.49925E-06,-2.9985E-06,0,2.9985E-06,-2.84858E-06,1.49925E-06,0,0,0
27,2.9985E-06,7.49625E-06,-1.49925E-06,-1.49925E-06,1.49925E-06,-1.34933E-06,0,0,0,0
27.1,0,0,-2.9985E-06,0,-1.49925E-06,0,0,0,0,0
27.1,0,0,1.49925E-06,0,-2.9985E-06,1.34933E-06,0,0,0,-1.49925E-06
27.2,0,0,-2.9985E-06,2.9985E-06,5.997E-06,-1.34933E-06,1.49925E-06,0,-1.49925E-06,-1.49925E-06
27.3,0,0,-1.49925E-06,1.49925E-06,1.49925E-06,-2.84858E-06,0,0,1.49925E-06,-1.49925E-06
27.3,-8.9955E-06,0,-1.49925E-06,1.49925E-06,0,0,0,0,2.9985E-06,0
27.4,-2.9985E-06,0,0,-1.49925E-06,1.49925E-06,0,0,0,5.997E-06,-2.9985E-06
27.5,0,0,0,0,0,4.1979E-06,0,0,8.9955E-06,0
27.5,7.49625E-06,2.9985E-06,0,0,1.49925E-06,5.69715E-06,0,0,2.9985E-06,0
27.6,0,0,5.997E-06,0,2.9985E-06,1.34933E-06,0,0,-5.997E-06,0
27.7,-7.49625E-06,0,-4.49775E-06,0,1.49925E-06,2.84858E-06,0,0,-1.49925E-06,0
27.7,5.997E-06,5.997E-06,-1.49925E-06,0,1.49925E-06,1.94903E-06,0,0,4.49775E-06,-1.49925E-06
27.8,-1.49925E-06,0,0,0,-1.49925E-06,7.49625E-06,0,0,0,-1.49925E-06
27.9,1.1994E-05,-8.9955E-06,-4.49775E-06,2.9985E-06,-5.997E-06,0,0,0,-1.49925E-06,0
27.9,-5.997E-06,-1.49925E-06,0,1.49925E-06,0,0,-1.49925E-06,0,-2.9985E-06,0
28,0,0,0,0,-1.49925E-06,4.49775E-06,-1.49925E-06,0,-1.49925E-06,0
28.1,-1.49925E-06,0,2.9985E-06,-1.49925E-06,1.49925E-06,1.49925E-06,-1.49925E-06,0,0,-2.9985E-06
28.1,-1.49925E-06,0,-1.49925E-06,-2.9985E-06,0,2.9985E-06,0,0,-1.49925E-06,-1.49925E-06
28.2,1.49925E-06,0,0,0,-1.49925E-06,-4.49775E-06,1.49925E-06,0,0,-7.49625E-06
28.3,2.9985E-06,1.49925E-06,2.9985E-06,0,-1.49925E-06,2.9985E-06,1.49925E-06,0,0,7.49625E-06
28.3,0,0,0,-4.49775E-06,-1.49925E-06,1.49925E-06,0,0,-7.49625E-06,-1.04948E-05
28.4,0,0,0,0,1.49925E-06,-1.49925E-06,0,0,2.9985E-06,0
28.5,2.9985E-06,0,-2.9985E-06,2.9985E-06,1.49925E-06,-1.49925E-06,0,0,8.9955E-06,-2.9985E-06
28.5,0,0,0,0,0,1.49925E-06,0,0,2.9985E-06,7.49625E-06
28.6,0,0,7.49625E-06,-1.49925E-06,1.49925E-06,7.49625E-06,0,0,1.49925E-06,-4.49775E-06
28.7,-4.49775E-06,0,2.9985E-06,-4.49775E-06,0,0,4.49775E-06,-2.9985E-06,4.49775E-06,-1.49925E-06
28.7,0,0,0,-1.49925E-06,-1.49925E-06,0,-4.49775E-06,2.9985E-06,1.49925E-06,-1.49925E-06
28.8,-1.49925E-06,0,0,0,0,-1.49925E-06,-2.9985E-06,0,7.49625E-06,1.49925E-06
28.9,5.997E-06,0,5.997E-06,-7.49625E-06,0,0,0,0,0,1.49925E-06
28.9,5.997E-06,7.49625E-06,0,0,0,1.49925E-06,0,0,-5.997E-06,2.9985E-06
29,0,0,0,-2.9985E-06,0,2.9985E-06,0,0,0,0
29.1,0,0,0,0,-7.49625E-06,2.9985E-06,0,0,2.9985E-06,-2.9985E-06
29.1,0,0,-8.9955E-06,7.49625E-06,0,-1.49925E-06,0,0,1.49925E-06,-2.9985E-06
29.2,7.49625E-06,4.49775E-06,-2.9985E-06,-1.49925E-06,-4.49775E-06,-2.9985E-06,0,0,-1.49925E-06,-7.49625E-06
29.3,-2.9985E-06,0,0,0,4.49775E-06,-8.9955E-06,1.49925E-06,0,2.9985E-06,4.49775E-06
29.3,-1.49925E-06,-1.49925E-06,2.9985E-06,-4.49775E-06,1.49925E-06,-1.49925E-06,0,0,-2.9985E-06,8.9955E-06
29.4,0,0,0,0,-4.49775E-06,-4.49775E-06,0,0,-1.49925E-06,-2.9985E-06
29.5,-1.49925E-06,0,-4.49775E-06,-1.49925E-06,-1.49925E-06,-1.49925E-06,0,0,0,0
29.5,0,0,5.997E-06,1.49925E-06,1.49925E-06,1.49925E-06,-1.49925E-06,-1.49925E-06,0,0
29.6,0,0,2.9985E-06,1.49925E-06,-4.49775E-06,2.9985E-06,0,0,2.9985E-06,-4.49775E-06
29.7,-1.49925E-06,0,1.49925E-06,0,-1.04948E-05,-2.9985E-06,0,0,7.49625E-06,1.34933E-05
29.7,0,0,0,0,2.9985E-06,1.49925E-06,0,0,0,-2.9985E-06
29.8,-1.49925E-06,0,0,0,1.49925E-06,1.49925E-06,0,0,-1.49925E-06,0
29.9,0,0,0,0,-4.49775E-06,0,0,0,0,-2.9985E-06
29.9,0,0,-1.49925E-06,-2.9985E-06,-1.49925E-05,0,0,0,1.49925E-06,0
30,1.49925E-06,0,-1.49925E-06,-2.9985E-06,7.49625E-06,0,0,0,0,0
30.1,0,0,2.9985E-06,2.9985E-06,2.9985E-06,-1.49925E-06,0,0,-5.997E-06,7.49625E-06
30.1,0,5.997E-06,0,0,-8.9955E-06,-2.9985E-06,0,0,-1.49925E-06,0
30.2,-2.9985E-06,-2.9985E-06,-5.997E-06,0,-1.49925E-06,2.9985E-06,0,0,0,-7.49625E-06
30.3,1.49925E-06,0,-1.49925E-06,0,5.997E-06,-5.997E-06,2.9985E-06,0,0,0
30.3,0,-4.49775E-06,-1.49925E-06,0,1.04948E-05,1.49925E-06,0,0,1.49925E-06,2.9985E-06
30.4,0,0,2.9985E-06,0,0,1.49925E-06,0,1.49925E-06,1.49925E-06,0
30.5,0,0,1.49925E-06,0,-4.49775E-06,1.49925E-06,-1.49925E-06,0,-2.9985E-06,-1.49925E-06
30.5,-4.49775E-06,0,-4.49775E-06,1.49925E-06,2.9985E-06,-4.49775E-06,0,0,-1.49925E-06,1.49925E-06
30.6,-2.9985E-06,0,0,4.49775E-06,-1.49925E-06,-2.9985E-06,1.49925E-06,0,-2.9985E-06,-8.9955E-06
30.7,0,0,0,0,-1.49925E-06,0,0,0,-2.9985E-06,-4.49775E-06
30.7,0,0,0,0,4.49775E-06,0,0,0,0,0
30.8,0,0,1.49925E-06,0,0,0,0,0,1.7991E-05,1.64918E-05
30.9,0,-4.49775E-06,1.49925E-06,0,2.9985E-06,0,0,0,-1.49925E-06,0
30.9,-2.9985E-06,7.49625E-06,1.49925E-06,0,0,-4.94753E-06,0,0,-1.49925E-06,-1.49925E-06
31,1.49925E-06,-4.49775E-06,0,0,2.9985E-06,-1.34933E-06,0,0,1.49925E-06,0
31.1,0,0,0,0,4.49775E-06,-1.34933E-06,-1.49925E-06,0,-2.9985E-06,1.49925E-06
31.1,0,0,-2.9985E-06,0,-2.9985E-06,0,0,0,-1.49925E-06,-4.49775E-06
31.2,0,0,0,-1.49925E-06,-5.997E-06,1.34933E-06,-1.49925E-06,0,-2.9985E-06,-1.49925E-06
31.3,-4.49775E-06,1.49925E-06,0,0,0,0,0,0,0,0
31.3,-2.9985E-06,1.04948E-05,1.49925E-06,-4.49775E-06,0,0,0,0,2.9985E-06,2.9985E-06
31.4,-1.1994E-05,-1.49925E-06,2.9985E-06,0,0,0,-1.49925E-06,0,-2.9985E-06,2.9985E-06
31.5,4.49775E-06,-1.49925E-06,5.997E-06,5.997E-06,5.997E-06,0,0,0,-2.9985E-06,0
31.5,2.9985E-06,0,-1.49925E-06,-4.49775E-06,2.9985E-06,0,0,0,5.997E-06,0
31.6,0,0,-2.9985E-06,0,-7.49625E-06,0,-1.49925E-06,0,-1.49925E-06,-5.997E-06
31.7,0,-5.997E-06,-1.49925E-06,0,-1.49925E-06,1.34933E-06,-1.49925E-06,0,-1.49925E-06,0
31.7,4.49775E-06,8.9955E-06,5.997E-06,0,0,0,0,0,-2.9985E-06,2.9985E-06
31.8,-4.49775E-06,-1.49925E-06,0,0,0,1.49925E-06,0,0,-1.49925E-06,0
31.9,-2.9985E-06,0,0,0,5.997E-06,-2.84858E-06,2.9985E-06,0,2.9985E-06,0
31.9,1.49925E-06,-1.49925E-06,0,0,1.49925E-06,0,2.9985E-06,0,4.49775E-06,5.997E-06
32,5.997E-06,0,0,-1.49925E-06,0,-2.84858E-06,0,0,-1.49925E-06,-1.49925E-06
32.1,2.9985E-06,0,1.49925E-06,0,0,0,0,0,-1.49925E-06,1.49925E-06
32.1,0,4.49775E-06,1.49925E-06,0,0,0,0,0,0,0
32.2,-2.9985E-06,0,0,0,0,1.49925E-06,0,0,0,-1.49925E-06
32.3,0,0,-4.49775E-06,2.9985E-06,-4.49775E-06,1.34933E-06,0,0,0,0
32.3,0,0,-1.49925E-06,0,4.49775E-06,0,0,-1.49925E-06,0,0
32.4,0,0,0,0,0,0,0,1.49925E-06,0,0
32.5,0,0,0,0,0,0,0,0,-1.49925E-06,4.49775E-06
32.5,0,-1.49925E-06,0,-2.9985E-06,-1.49925E-06,6.29685E-06,0,0,-2.9985E-06,-2.9985E-06
32.6,1.49925E-06,-5.997E-06,1.49925E-06,-1.49925E-06,-1.49925E-06,0,0,0,0,-1.49925E-06
32.7,1.49925E-06,-1.49925E-06,-2.9985E-06,-1.49925E-06,-2.9985E-06,0,0,0,1.49925E-06,0
32.7,0,0,-1.49925E-06,0,1.49925E-06,0,-1.49925E-06,0,0,0
32.8,0,0,-5.997E-06,0,0,0,0,0,0,0
32.9,0,0,5.997E-06,-1.49925E-06,2.9985E-06,0,0,0,-2.9985E-06,-2.9985E-06
32.9,0,0,0,-1.49925E-06,4.49775E-06,2.9985E-06,0,0,-0.000376312,-0.000544228
33,,,,,,,,,,
33.1,,,,,,,,,,
33.1,,,,,,,,,,
33.2,,,,,,,,,,
33.3,,,,,,,,,,
33.3,,,,,,,,,,
