inten,std
21.630,24.317
-8.931,23.252
6.504,23.036
-44.251,23.818
0.552,23.944
3.577,24.583
-22.269,23.614
-29.507,23.614
-40.131,24.846
-4.077,24.886
-22.935,24.069
52.142,25.657
-14.257,23.783
23.540,23.888
-3.988,24.684
-19.338,24.886
-32.295,24.846
-21.505,24.562
-4.788,23.762
-17.589,23.636
-24.793,23.720
-8.917,24.501
-13.293,24.317
-4.056,24.583
37.593,24.644
-23.591,23.230
44.492,24.034
7.588,23.993
-19.587,23.881
1.720,24.440
-1.762,24.522
0.386,24.317
-17.809,23.480
-32.554,22.730
-13.406,23.036
17.337,23.530
38.823,24.460
26.519,24.378
-60.284,24.234
16.721,24.745
-18.852,24.276
-14.501,23.508
35.058,24.055
-23.246,23.551
27.821,24.034
-19.602,24.623
-20.864,24.255
0.060,24.805
-11.108,24.069
12.869,24.399
29.273,24.296
41.725,23.593
22.474,23.593
-4.126,23.316
16.313,23.359
-29.769,24.805
48.957,24.986
-18.719,24.358
39.654,24.926
-21.348,23.881
27.460,24.460
1.091,24.946
-0.260,24.481
4.652,24.603
14.333,23.804
-9.375,23.166
5.410,24.096
-28.448,22.970
49.083,24.406
-0.953,24.276
-3.938,24.664
-29.775,24.623
-24.398,23.860
10.106,24.337
-25.677,24.172
-28.986,24.603
7.621,25.225
24.405,24.603
27.149,25.126
-6.242,23.466
45.297,24.283
-29.453,23.423
38.301,23.762
15.094,23.846
8.595,23.972
53.792,24.303
33.380,24.200
-23.710,24.460
20.756,25.363
41.738,25.910
51.406,24.684
-22.209,24.562
69.945,25.890
49.878,25.599
-36.493,25.026
22.209,25.481
39.502,24.946
30.146,24.785
13.010,24.886
-26.419,24.481
75.500,25.324
-10.789,24.926
-9.613,24.846
42.400,25.146
-11.519,24.603
36.671,24.365
27.088,24.013
41.473,24.344
32.181,24.262
20.304,24.200
52.265,24.426
40.173,24.610
26.308,24.772
3.869,25.252
0.622,23.825
58.915,24.138
7.065,24.406
45.828,24.792
28.147,24.447
29.777,25.013
45.121,24.610
-9.073,23.636
-42.777,24.542
32.831,25.205
55.122,24.986
9.220,25.579
27.405,25.579
-7.562,25.086
46.395,25.363
36.591,25.521
-1.646,24.886
17.117,25.442
34.672,25.026
-23.868,24.846
10.781,24.866
-38.397,24.152
53.955,25.481
83.584,26.140
-29.156,24.501
19.439,25.146
10.217,25.205
58.412,25.006
-2.838,24.906
21.846,25.638
24.645,25.146
66.501,25.521
0.801,24.603
64.364,25.462
-8.226,25.126
36.484,24.986
22.647,25.403
51.450,25.205
4.519,25.225
19.741,25.481
15.469,25.774
53.459,25.774
55.129,25.026
51.756,26.274
40.907,26.140
62.853,25.540
58.595,25.540
-1.410,25.481
31.104,25.344
28.899,26.006
22.660,24.906
15.765,24.906
9.489,25.716
22.238,25.324
87.948,26.501
40.372,25.579
-2.923,25.618
8.757,25.046
55.601,25.871
45.660,25.755
13.939,25.126
69.621,25.527
11.628,24.303
50.950,24.406
63.259,25.429
58.619,25.390
61.557,24.973
35.365,25.013
54.051,24.872
52.253,24.772
-29.519,23.572
84.214,24.671
0.106,24.426
76.584,25.073
-23.530,24.650
-0.000,24.488
95.594,25.212
0.671,24.589
-20.028,24.221
-31.602,23.846
-18.451,24.406
73.229,25.212
-18.051,24.241
73.490,24.691
-1.768,24.283
-38.656,24.671
23.529,24.426
130.498,26.726
69.529,25.696
17.806,25.794
43.877,25.929
76.244,26.044
37.584,25.423
25.392,25.794
-31.039,24.886
74.000,26.217
-10.395,25.755
71.534,25.481
44.891,25.910
35.289,25.560
48.694,26.331
58.730,26.444
26.769,26.102
39.317,26.236
52.539,26.025
9.159,24.986
54.898,25.832
60.910,26.006
58.773,26.369
41.123,25.774
36.098,25.657
-4.799,25.166
-7.330,25.560
15.836,26.159
81.254,26.197
1.885,25.948
-5.329,25.774
91.298,27.080
42.043,27.061
-28.410,25.462
75.027,26.894
58.757,26.708
114.290,26.894
22.644,26.197
20.554,25.093
21.516,25.212
78.361,26.242
18.559,25.113
1.569,25.053
-3.873,24.872
82.630,26.070
95.640,25.449
69.003,25.819
30.104,25.761
87.409,25.993
44.809,25.781
120.913,25.993
57.095,25.390
5.236,25.311
42.094,25.429
79.347,25.839
42.662,25.897
9.535,25.696
108.799,27.392
35.522,26.178
80.490,26.407
-3.781,25.618
11.237,26.539
86.253,26.388
100.136,27.392
21.289,26.350
49.660,26.689
27.806,26.274
76.547,27.227
92.902,25.794
106.611,27.209
118.098,26.801
7.385,26.331
86.885,27.061
26.924,26.006
74.278,26.331
120.229,27.024
66.787,25.832
97.865,26.425
22.152,25.929
49.543,25.832
64.989,26.913
66.409,26.614
-10.111,25.967
104.512,26.820
46.787,26.140
4.126,25.948
18.699,25.948
9.085,26.121
53.267,26.140
-37.102,25.046
46.756,26.689
63.936,26.708
87.524,25.819
38.019,25.311
18.308,24.262
66.791,25.508
55.699,25.722
89.690,25.742
75.134,26.337
36.633,25.252
49.933,26.070
105.537,26.280
58.389,25.781
72.185,25.722
53.827,25.547
28.879,26.012
44.171,25.370
-13.558,24.933
0.022,24.893
98.047,26.845
-4.312,25.409
37.703,25.488
9.682,25.935
57.325,26.051
37.587,25.152
69.990,26.407
15.717,26.197
24.856,26.217
64.488,26.839
48.853,26.726
30.193,25.910
48.751,26.159
50.734,26.369
57.913,26.388
73.752,26.407
20.674,26.407
91.247,26.950
93.164,26.839
29.632,25.657
63.363,26.217
18.296,26.312
104.630,27.519
7.907,26.178
47.037,26.764
79.764,27.410
111.820,27.501
23.078,26.444
55.354,26.576
52.714,26.312
34.200,26.801
40.070,27.227
21.999,26.969
28.591,26.025
25.160,26.255
-1.201,25.967
77.274,26.931
25.465,26.121
59.452,26.140
35.393,26.006
77.612,26.595
51.576,26.501
103.976,26.274
34.012,26.025
42.603,25.929
32.012,26.044
77.840,26.894
46.879,26.350
15.515,25.579
64.079,26.931
94.741,26.931
151.179,28.005
116.299,27.537
22.997,25.987
73.762,26.931
3.572,26.293
122.183,26.894
110.345,27.172
110.739,26.633
84.349,26.670
112.300,27.862
44.852,26.463
144.173,27.282
49.187,27.282
141.230,27.790
97.328,27.153
59.291,26.583
140.410,26.845
128.494,27.670
151.219,26.919
71.971,26.564
62.589,26.451
181.944,27.922
153.901,26.956
166.492,27.543
162.309,28.011
183.837,27.976
239.445,29.200
177.196,28.507
181.745,28.172
234.754,29.149
323.972,29.456
296.418,29.726
269.685,29.911
379.161,30.309
348.954,31.026
350.353,30.849
353.487,30.670
419.967,32.057
519.591,32.460
401.191,32.243
482.693,33.759
402.597,32.797
538.014,33.965
580.466,35.080
701.004,36.505
690.347,36.396
663.534,35.884
798.378,37.598
945.815,39.694
894.457,39.072
988.372,39.908
1228.602,42.563
1168.892,42.681
1306.317,43.814
1312.701,44.245
1525.752,46.429
1660.729,47.892
1903.131,50.086
1985.682,51.221
2203.386,52.741
2576.459,56.282
2675.524,57.259
3051.601,60.139
3177.141,61.552
3368.967,63.179
3870.882,66.736
4297.142,70.354
4864.847,74.193
5076.398,75.476
5149.824,75.879
5262.405,76.731
5993.996,81.392
6700.159,85.508
7768.466,91.633
8184.285,93.854
8221.532,93.806
8856.365,97.127
9327.937,99.733
9881.307,102.487
10222.512,104.152
10500.250,105.473
11121.143,108.253
11538.961,110.398
12536.847,114.837
13086.278,117.105
14392.439,122.551
16376.693,130.463
18172.792,136.995
19387.476,141.597
19825.475,143.194
19487.489,141.879
18609.786,138.776
18119.741,136.929
18413.959,138.017
18348.318,137.810
18643.209,138.837
19922.309,143.585
22544.386,152.347
25751.766,162.535
28578.817,171.025
31018.381,177.988
32491.355,182.018
34635.016,187.754
36700.477,193.286
39051.844,199.283
39876.837,201.230
40866.978,203.680
41327.716,204.892
41329.457,204.989
41984.662,206.479
38792.256,198.602
35481.822,190.078
31345.292,178.912
30638.835,176.747
31660.220,179.779
37387.241,195.122
47534.513,219.590
53836.127,233.409
60094.762,246.614
62666.892,251.624
65521.475,257.349
65550.537,257.353
69038.335,263.937
70016.406,265.907
72298.911,270.073
72541.346,270.528
75173.811,275.336
75980.818,276.777
77212.181,279.048
79129.266,282.444
80233.307,284.334
81845.161,287.285
84754.326,292.326
84944.937,292.586
85323.419,293.262
87019.240,296.202
87914.003,297.583
88817.089,299.123
86923.138,295.991
87178.821,296.399
85113.727,292.868
77633.993,279.789
69194.695,264.287
60962.154,248.269
57839.662,241.797
63935.776,254.121
78034.910,280.602
89219.743,299.754
95729.868,310.444
99815.726,316.958
101770.318,320.090
103681.541,323.055
106298.673,327.124
107150.138,328.465
109695.752,332.299
110618.256,333.653
112495.151,336.458
113313.302,337.681
115702.290,341.225
115359.057,340.672
115952.343,341.652
116326.913,342.101
117753.831,344.301
117777.638,344.306
120244.275,347.781
120323.727,347.999
121446.969,349.567
124124.602,353.387
124130.968,353.408
125649.931,355.545
127324.212,357.826
126639.686,356.936
128462.429,359.510
129793.918,361.341
129246.786,360.582
129741.797,361.197
131453.820,363.620
132374.322,364.814
133108.582,365.834
134531.779,367.783
136176.686,370.087
136006.169,369.775
136780.662,370.802
136637.974,370.662
137667.755,371.924
138549.931,373.263
139299.912,374.268
140569.705,376.030
141213.909,376.792
141093.577,376.638
142561.561,378.552
140856.732,376.319
140733.738,376.132
141720.863,377.435
140377.557,375.729
134491.499,367.814
124855.145,354.359
109232.558,331.705
91927.429,304.413
84926.293,292.791
96307.052,311.592
116639.717,342.693
131770.470,364.087
141930.980,377.848
148566.247,386.425
150475.231,388.889
152697.790,391.776
153896.836,393.245
153443.838,392.650
153072.656,392.226
153443.654,392.710
154422.493,393.969
155399.387,395.247
158203.789,398.713
159134.078,399.933
159462.482,400.354
158576.436,399.154
160342.048,401.422
159925.659,400.889
161591.495,402.972
160161.578,401.151
160715.732,401.836
162074.557,403.506
161364.990,402.745
160975.874,402.213
161453.929,402.868
161751.605,403.195
160328.872,401.445
160476.442,401.571
161079.380,402.360
158455.443,399.079
158050.495,398.639
160184.346,401.272
161151.326,402.511
164208.455,406.200
165489.871,407.790
164966.182,407.193
165589.933,407.977
166072.960,408.547
165019.378,407.314
167219.663,409.983
167180.583,409.913
167402.707,410.189
168979.431,412.113
168276.058,411.148
169832.617,413.075
169347.277,412.465
169766.503,412.957
169254.857,412.343
170601.643,413.920
172509.003,416.332
171757.695,415.319
173613.043,417.529
173077.237,416.955
174063.502,418.100
172333.985,416.050
174180.097,418.272
175943.432,420.433
176659.724,421.191
177309.287,422.013
178820.849,423.739
178441.290,423.338
180364.373,425.549
179615.506,424.698
180798.656,426.057
180188.093,425.357
180557.093,425.750
180738.928,426.016
183167.868,428.883
183932.586,429.784
184687.028,430.586
185075.471,431.073
186036.889,432.147
184635.788,430.527
185946.781,432.100
186277.849,432.436
186778.566,433.079
187076.048,433.354
188174.003,434.694
189841.600,436.481
188932.015,435.522
190138.447,436.841
189906.387,436.607
189609.526,436.269
189949.743,436.732
190560.517,437.339
191120.750,438.008
190905.025,437.780
192508.916,439.607
191877.833,439.015
192816.123,440.040
192178.704,439.259
193253.467,440.481
194770.676,442.263
194632.664,441.992
196403.460,444.110
194157.320,441.545
193669.215,441.017
194151.224,441.582
194955.397,442.394
196022.938,443.674
195321.147,442.840
196282.233,443.903
197019.170,444.801
197143.346,444.783
196767.347,444.518
197153.984,444.908
197948.482,445.786
197934.225,445.865
195806.865,443.520
196908.856,444.613
194768.105,442.222
192643.110,439.830
193109.320,440.352
187095.927,433.499
178415.924,423.264
162158.139,403.651
140333.762,375.718
120055.081,347.642
117614.589,344.102
136254.911,370.235
161565.870,402.956
177547.560,422.275
186018.802,432.231
189633.871,436.468
193173.561,440.370
194176.101,441.511
196077.167,443.689
195348.346,442.889
196725.479,444.383
198715.557,446.712
196541.796,444.247
196524.545,444.137
195856.978,443.472
198078.620,445.936
197672.869,445.564
199657.735,447.766
198852.762,446.836
198320.838,446.245
199822.390,447.872
199779.755,447.869
199650.999,447.692
200508.036,448.665
202414.272,450.848
202656.537,451.097
203615.915,452.089
203421.230,451.921
202364.161,450.708
204083.198,452.593
203910.927,452.440
203815.182,452.350
204523.252,453.158
201800.466,450.188
202602.122,450.972
200184.987,448.328
202828.044,451.316
203562.918,452.080
204271.709,452.915
202950.457,451.396
203673.471,452.218
204126.303,452.721
203365.471,451.834
203746.673,452.271
203949.925,452.539
204386.930,452.903
204807.247,453.437
207672.008,456.602
207738.923,456.705
204964.688,453.557
206121.413,454.861
207636.063,456.545
207107.421,455.950
206772.458,455.548
205911.543,454.665
207496.591,456.312
207609.421,456.436
207884.294,456.728
209463.603,458.595
208737.128,457.674
207470.802,456.399
207313.773,456.208
208287.413,457.233
209252.735,458.266
208684.042,457.680
208288.542,457.223
209472.546,458.509
207467.930,456.328
207947.674,456.914
206459.797,455.229
205187.409,453.818
207343.784,456.218
207153.921,455.928
207802.290,456.718
206452.676,455.211
206666.399,455.431
207235.106,456.058
208752.202,457.747
209172.715,458.151
209258.571,458.313
207768.387,456.647
209307.178,458.347
207980.103,456.883
207006.343,455.818
205529.955,454.221
207214.184,455.965
206170.299,454.857
207430.767,456.218
208813.325,457.763
209733.937,458.794
206774.803,455.550
205616.165,454.213
206798.067,455.545
207954.610,456.835
207111.631,455.913
206170.159,454.917
207167.619,455.859
207111.742,455.924
207245.842,456.080
208234.799,457.154
206744.984,455.519
205893.884,454.592
204929.916,453.513
203657.802,452.102
204840.297,453.530
204169.807,452.722
205082.069,453.805
203472.611,451.923
204639.391,453.291
203970.145,452.607
204231.551,452.830
205034.894,453.703
204849.701,453.480
205907.127,454.676
202920.647,451.380
201181.866,449.459
201860.321,450.205
202905.619,451.347
202081.299,450.450
201488.770,449.779
201728.930,449.985
201652.992,449.974
197731.706,445.573
200279.816,448.426
198984.786,447.000
197094.288,444.925
199646.747,447.696
198964.859,446.975
198221.870,446.124
197276.231,445.027
196704.399,444.505
197669.113,445.549
197184.811,444.983
196726.917,444.455
198160.992,446.078
197353.785,445.210
197149.665,444.969
198111.058,446.042
197681.192,445.592
197313.078,445.115
196241.020,443.931
197241.025,445.082
197339.607,445.155
196820.530,444.554
195654.161,443.276
197867.152,445.755
195416.990,442.973
195745.311,443.401
195243.751,442.737
195940.865,443.554
197095.325,444.849
196663.854,444.293
195913.217,443.545
195609.799,443.166
194273.060,441.667
194933.996,442.419
195511.971,443.131
195651.950,443.269
194933.645,442.445
194387.489,441.813
194259.646,441.620
194999.393,442.455
195081.689,442.511
194612.481,442.058
194039.285,441.429
193582.513,440.947
193753.206,441.084
193660.927,441.013
192534.377,439.668
193022.779,440.259
191822.078,438.876
193749.998,441.048
191257.889,438.255
190955.422,437.862
191178.646,438.190
192291.502,439.427
191298.995,438.313
188939.375,435.647
190653.991,437.535
188306.524,434.861
188367.847,434.941
189570.151,436.273
188518.067,435.041
188365.610,434.943
187590.047,434.030
186964.979,433.272
184110.643,430.015
186023.570,432.253
185208.372,431.295
183517.876,429.343
183725.525,429.589
184487.894,430.442
182603.045,428.283
183499.002,429.299
182499.928,428.143
181420.631,426.820
180119.408,425.393
181466.813,426.922
180365.017,425.585
181886.677,427.315
179720.162,424.831
180673.544,425.973
179221.148,424.194
179206.194,424.246
177197.913,421.865
177871.055,422.612
177786.786,422.563
177282.716,421.923
175862.902,420.290
176072.596,420.551
176260.581,420.708
175914.520,420.284
174191.960,418.242
174968.541,419.173
175485.604,419.775
174370.158,418.478
176220.353,420.688
174233.397,418.278
175272.431,419.552
175389.077,419.652
174013.490,417.971
174609.219,418.738
173039.654,416.852
172965.130,416.826
173989.219,418.064
174527.739,418.640
173298.856,417.197
173435.497,417.423
173106.139,416.989
172207.939,415.866
171355.497,414.807
169566.314,412.616
168556.234,411.424
170097.452,413.302
165987.260,408.323
164353.619,406.236
162506.357,404.024
163045.919,404.669
163711.163,405.456
165453.748,407.672
164833.302,406.877
164098.607,406.029
162886.530,404.404
162702.028,404.319
162810.395,404.353
162500.248,404.086
162511.560,404.081
159078.681,399.763
158746.495,399.328
159160.897,399.917
158332.694,398.763
158638.710,399.200
157763.121,398.148
157961.028,398.270
155778.402,395.607
155979.584,395.877
157007.130,397.165
157920.771,398.350
157132.290,397.275
155689.495,395.412
156645.070,396.687
156131.558,396.073
155291.351,394.962
156071.964,395.949
154697.247,394.288
153724.475,392.954
153695.583,392.881
152788.794,391.677
152129.160,390.956
153070.091,392.144
151740.726,390.416
152620.906,391.555
150579.330,388.907
151477.357,390.146
150182.525,388.472
150573.505,388.936
150568.055,388.954
149298.828,387.372
149602.752,387.803
150120.517,388.456
149449.432,387.570
149667.924,387.874
147785.876,385.424
149148.792,387.203
148128.603,385.763
146906.459,384.280
146724.537,384.060
148744.091,386.637
147394.743,384.856
147156.638,384.598
146309.759,383.460
147535.104,385.145
145545.832,382.526
147269.128,384.698
144783.952,381.532
144584.448,381.302
144070.970,380.550
144285.133,380.855
144372.399,380.966
144800.377,381.499
144324.008,380.848
144652.265,381.259
143102.649,379.234
142922.239,379.023
143919.149,380.383
142313.742,378.184
142121.715,377.914
142158.746,378.023
142575.853,378.577
140459.936,375.827
140639.894,375.972
140496.980,375.810
138799.628,373.513
139124.156,373.988
137518.230,371.866
136604.864,370.613
136702.122,370.700
137208.529,371.441
135215.126,368.666
135492.954,369.105
134967.211,368.405
133642.494,366.545
133538.536,366.384
131436.601,363.492
128466.642,359.436
128981.035,360.125
129624.932,361.061
130300.978,362.002
128667.271,359.632
128897.168,360.042
129563.670,360.981
130831.488,362.621
130455.038,362.132
130251.957,361.869
129647.225,361.115
130910.008,362.799
130180.995,361.763
130195.304,361.770
129949.549,361.478
129018.395,360.116
127225.314,357.646
127637.419,358.267
128522.169,359.552
128086.567,358.872
127699.206,358.377
126911.067,357.168
125809.761,355.660
126305.200,356.415
125832.488,355.658
125939.791,355.922
126132.093,356.163
125878.841,355.801
123938.159,353.017
124434.713,353.719
124681.336,354.095
123712.105,352.724
123751.841,352.679
122084.455,350.490
121460.403,349.517
121397.950,349.378
120848.371,348.644
120919.915,348.794
121204.906,349.157
120777.632,348.593
118828.223,345.784
119650.684,346.924
117943.318,344.436
118437.743,345.229
117491.871,343.855
115644.601,341.099
116915.525,342.971
115902.255,341.506
115240.563,340.504
115276.797,340.509
115747.910,341.200
116194.694,341.952
115003.482,340.165
114485.644,339.345
111595.075,335.111
112965.082,337.187
113957.521,338.541
112514.548,336.461
111207.417,334.448
109137.956,331.364
107956.883,329.782
103797.493,323.200
99905.776,317.034
91647.205,303.838
80554.693,284.997
76800.134,278.268
79091.610,282.393
89660.751,300.371
95983.812,310.831
101218.590,319.100
103204.248,322.226
105545.124,325.891
105929.225,326.442
106403.668,327.146
105837.907,326.269
106048.562,326.660
104811.151,324.698
105218.739,325.439
105796.681,326.291
104473.918,324.223
104598.632,324.351
104897.265,324.793
104211.009,323.768
105274.318,325.398
104739.953,324.642
106327.853,327.033
106305.374,326.963
106581.871,327.356
105685.743,326.070
105049.136,325.086
103989.935,323.433
103653.270,322.996
102260.470,320.672
102699.951,321.376
103753.408,323.098
104959.000,324.915
105516.163,325.746
105159.430,325.179
104100.390,323.601
103931.787,323.315
101882.045,320.173
100467.772,317.896
99163.305,315.840
99913.305,317.110
99593.622,316.521
99352.703,316.218
100236.194,317.565
101014.350,318.846
100048.091,317.307
99178.515,315.954
98442.397,314.701
97366.301,313.020
94772.301,308.826
95757.834,310.370
94160.389,307.912
93631.747,306.951
94091.454,307.783
93928.041,307.478
93593.706,306.959
93776.022,307.214
93300.900,306.577
93593.035,306.947
92867.861,305.704
92673.948,305.455
91657.389,303.677
90527.586,301.940
90417.627,301.625
89381.928,300.021
89498.070,300.243
90206.485,301.360
90281.042,301.472
90914.689,302.588
91233.062,303.046
85949.647,294.215
73421.792,272.137
65827.355,257.846
68249.625,262.447
75064.437,275.070
76158.295,277.212
73965.409,273.169
73307.733,271.940
75473.731,275.943
77452.445,279.486
79553.957,283.250
82205.587,287.785
82661.268,288.722
82606.336,288.467
80486.968,284.822
78676.599,281.626
76598.542,277.939
75995.725,276.899
75758.045,276.404
76218.915,277.192
77100.582,278.823
77242.834,279.029
77204.629,279.011
79041.644,282.288
79786.633,283.616
78807.610,281.823
78182.478,280.723
76641.506,278.029
75475.868,275.915
73420.112,272.188
73354.330,272.024
72717.452,270.822
72514.057,270.456
72001.604,269.482
72521.611,270.480
73742.446,272.731
74259.452,273.635
74763.725,274.516
75486.926,275.886
75787.365,276.468
75335.963,275.542
73696.405,272.691
74286.565,273.756
70733.053,267.111
70901.679,267.543
70216.459,266.284
70194.919,266.081
71705.745,268.984
73067.105,271.454
73054.470,271.414
74483.889,274.179
74677.794,274.451
74366.567,273.909
72270.919,270.073
70348.903,266.431
69375.310,264.542
68173.952,262.409
66719.849,259.531
66227.869,258.719
65086.360,256.362
67086.298,260.164
66973.513,260.039
68036.445,262.134
66772.833,259.695
66619.218,259.363
64891.185,255.915
64432.071,255.089
61889.315,249.939
59307.720,244.917
55700.932,237.456
53334.709,232.367
51409.834,228.069
50384.095,225.815
47417.489,219.156
47659.275,219.680
49166.803,223.084
49515.101,223.869
49110.007,222.933
52138.772,229.768
56542.787,239.032
59234.106,244.608
57895.605,241.926
57473.239,241.100
54221.069,234.231
49383.124,223.569
46883.674,218.026
47787.419,220.033
47245.587,218.875
48113.135,220.625
48306.129,221.019
51445.620,228.222
51374.072,227.955
52840.493,231.146
51617.735,228.472
51488.642,228.255
52261.641,229.931
51121.453,227.370
48234.169,220.928
47386.098,218.992
46311.665,216.602
46280.343,216.616
46710.919,217.475
48041.824,220.507
49445.033,223.619
51636.392,228.749
53594.059,232.840
53464.605,232.511
52846.003,231.265
52779.831,231.033
51253.038,227.731
48567.148,221.791
47982.720,220.425
46609.104,217.302
46012.128,215.913
46269.752,216.389
46419.639,216.791
47437.746,219.165
47429.316,219.195
47130.579,218.397
47172.148,218.509
46792.068,217.654
45408.975,214.568
46050.912,216.079
45323.571,214.300
44990.397,213.603
44810.565,213.207
45182.460,213.989
43952.339,211.050
43690.711,210.538
42666.064,208.087
42387.617,207.372
41415.723,204.930
42532.069,207.560
42745.164,208.152
42464.369,207.524
43747.227,210.576
44797.896,213.078
44721.424,213.008
44798.913,213.099
45093.789,213.835
44080.594,211.363
42480.059,207.618
41834.978,206.129
40973.890,203.827
40098.625,201.753
40525.858,202.801
39674.329,200.702
41034.196,204.055
42032.971,206.522
42232.063,206.989
43194.113,209.249
43384.924,209.648
43651.524,210.443
42538.637,207.681
41363.182,204.867
39616.443,200.647
38233.301,197.046
36810.821,193.430
37025.339,193.926
36154.560,191.782
36360.857,192.282
36342.015,192.180
37291.063,194.701
37501.901,195.144
34462.832,187.159
25230.409,160.715
14006.800,120.591
8023.090,92.641
6411.411,83.260
8598.058,95.756
12848.830,116.105
16162.908,129.377
14732.086,123.731
12975.655,116.397
12794.921,115.786
13589.482,119.207
15146.384,125.480
16674.625,131.390
18273.629,137.267
20851.568,146.582
21973.392,150.078
23175.175,154.160
25907.280,162.814
26288.454,163.952
27566.869,167.879
28386.225,170.204
29978.311,174.769
29875.757,174.712
30945.518,177.568
30707.130,176.913
29539.968,173.604
27838.284,168.678
29205.567,172.662
28654.866,171.118
29584.293,173.800
29660.567,174.081
30318.165,175.773
31210.757,178.413
31350.593,178.847
31422.269,178.979
31323.651,178.609
30432.854,176.254
29250.516,172.830
27668.606,168.188
26010.260,163.142
25576.447,161.757
25482.315,161.348
25160.394,160.516
26279.238,163.855
26885.965,165.781
27519.710,167.599
28372.508,170.183
29731.270,174.162
28250.789,169.780
28038.752,169.161
28001.903,168.948
27095.953,166.596
26267.398,163.894
24355.938,157.884
23878.567,156.459
23458.940,155.004
23326.837,154.630
22986.126,153.669
23108.757,153.985
23163.730,153.982
23773.227,156.120
24057.922,156.896
23746.007,155.959
23574.526,155.539
23603.259,155.426
22709.166,152.605
21910.984,150.061
21363.970,148.069
20814.147,146.401
19856.596,143.102
19337.776,141.129
19308.429,141.157
19088.730,140.265
19081.445,140.265
18790.807,139.314
20125.376,143.994
19165.768,140.329
20424.263,144.980
20298.010,144.531
20517.415,145.373
19867.929,142.994
19760.055,142.363
21373.614,148.119
21473.591,148.325
21051.016,147.083
20724.569,145.946
21660.594,149.353
21895.073,149.964
21513.487,148.699
20082.418,143.806
19937.800,143.277
19452.856,141.638
19104.515,140.169
18896.035,139.461
18618.031,138.626
18948.844,139.611
19511.132,141.656
19757.939,142.676
20012.574,143.681
21235.483,147.683
21585.079,148.967
21791.322,149.604
21459.155,148.483
21562.055,148.843
19959.567,143.274
19633.674,142.268
19053.485,140.190
17995.827,136.368
17393.049,133.968
17382.273,133.919
17076.987,132.802
16841.732,132.035
17322.878,133.732
17366.286,134.079
17493.179,134.478
17996.053,136.240
18285.361,137.344
18235.069,136.954
17770.714,135.423
17155.730,133.166
16709.407,131.489
15503.788,126.875
15154.748,125.349
14154.958,121.377
13660.180,119.123
13078.510,116.822
12175.512,112.895
12259.485,113.346
12223.382,113.258
12314.791,113.659
12542.434,114.496
12690.378,115.210
13101.769,117.057
13118.468,117.070
12850.089,115.958
13244.169,117.530
13638.077,119.358
13814.689,120.039
13542.462,118.766
13644.922,119.199
13492.789,118.488
13358.050,117.823
13267.175,117.556
13086.516,116.710
13151.839,117.057
13177.981,117.287
13328.614,117.908
13473.256,118.568
13330.334,117.874
13730.538,119.580
13310.314,117.950
13434.630,118.542
13315.778,117.760
13604.920,119.123
14125.615,121.150
14031.217,120.857
14670.173,123.468
14751.096,123.824
14688.570,123.634
14659.777,123.375
14838.442,124.279
14549.341,122.973
14059.486,121.010
13524.726,118.762
13501.138,118.580
12540.810,114.526
12548.050,114.557
12484.362,114.391
12403.034,113.975
12615.972,114.932
13011.784,116.543
12918.780,116.238
13533.717,118.804
13949.813,120.625
13740.235,119.834
14469.806,122.944
14528.715,122.904
14464.813,122.590
14477.914,122.879
13955.145,120.757
13234.506,117.619
12654.391,115.084
12012.647,112.162
11623.738,110.573
11367.288,109.322
11595.101,110.437
10977.017,107.681
11026.384,107.379
11076.717,107.941
11372.224,109.134
11788.046,111.064
11379.179,109.356
12170.442,112.702
11919.634,111.596
11918.776,111.470
11982.466,111.989
11903.853,111.259
11487.044,109.848
11597.322,110.207
11335.044,108.975
11200.518,108.267
11212.303,108.460
10640.626,105.885
10683.199,105.857
10707.273,105.847
10589.906,105.530
10336.073,104.435
10283.566,103.849
10102.366,103.081
10265.801,103.825
10026.152,102.784
10368.573,104.382
10129.112,103.086
10284.730,104.018
10614.089,105.526
10975.051,107.199
10916.538,106.741
11348.969,108.787
11437.966,109.447
11374.822,109.040
11371.298,109.163
11295.259,108.695
10980.529,107.232
10821.483,106.351
10421.047,104.803
10121.924,103.226
9405.558,99.918
9379.423,99.467
8851.985,96.962
8913.004,97.199
9142.612,98.517
9221.927,98.517
8923.404,97.456
9267.498,98.922
9487.526,100.148
9184.053,98.614
9406.665,99.547
9871.705,101.748
9949.230,102.253
9506.724,100.073
10086.186,102.857
9552.426,100.537
9450.930,99.843
9493.802,100.043
9149.577,98.603
9248.880,98.973
8869.392,96.983
8624.711,95.690
8443.580,94.845
8109.472,93.036
8216.923,93.507
8011.640,92.491
7955.049,92.296
8016.064,92.705
8290.659,93.943
8146.575,93.607
8178.681,93.383
8257.685,94.012
8515.043,95.416
8520.162,94.986
8441.043,94.780
8745.151,96.505
8325.800,94.437
8337.528,94.500
8150.158,93.409
8358.449,94.442
8185.782,93.575
8151.428,93.077
7629.241,90.589
7761.746,91.260
7472.087,89.433
7500.881,89.891
7487.660,89.657
7252.915,88.427
7413.498,89.433
7041.749,87.323
7229.847,88.568
6873.360,86.454
6939.160,86.875
7211.804,88.387
7159.729,87.882
6852.971,86.269
6827.768,85.949
7149.639,87.820
7006.404,87.237
7080.094,87.231
7172.371,87.990
7133.070,87.449
7110.629,87.615
7326.703,88.957
7325.641,88.946
7200.732,88.206
7273.007,88.478
7019.216,87.065
7059.674,87.180
6740.453,85.635
6664.070,85.008
6511.916,84.346
6429.011,83.530
6312.945,82.761
6142.987,82.166
6275.196,82.609
6190.434,82.154
6455.015,83.566
6351.385,83.362
6049.908,81.199
6318.575,82.917
6346.338,83.278
6135.365,81.831
6137.601,82.075
6104.678,81.427
5650.777,78.704
5520.201,78.475
5409.842,77.209
5217.870,75.982
5154.628,75.804
4769.261,73.002
4835.425,73.351
4734.244,73.002
4606.374,72.266
4525.591,71.521
4707.644,72.583
4693.192,72.549
4956.195,74.049
4962.001,74.238
5149.687,75.368
5067.450,75.520
5156.827,75.567
5147.316,75.758
5116.742,75.321
5176.260,76.061
5242.379,76.297
5009.218,74.701
5008.643,74.929
4869.351,73.840
4713.299,72.714
4579.642,71.752
4423.676,70.946
4450.509,70.840
4279.790,69.723
4240.497,69.392
4050.875,68.024
4098.737,67.995
4002.775,67.789
3993.538,67.508
3974.954,67.159
3925.942,66.606
3986.325,67.419
3954.522,66.800
4013.941,67.611
4058.247,68.171
3931.511,66.666
4050.844,67.929
4074.281,68.354
3954.371,67.218
4084.303,68.522
4008.236,67.345
4128.277,68.340
4011.523,67.722
4010.058,67.434
4128.471,68.230
3978.671,67.248
3883.277,66.643
4011.917,67.278
3756.939,66.040
3651.121,64.817
3561.482,64.275
3455.742,63.406
3410.864,63.026
3179.535,61.468
3270.596,61.647
2947.807,59.559
3196.115,61.158
3196.984,61.248
3174.714,60.641
3038.991,60.401
2985.434,59.458
3044.650,59.777
2942.457,58.943
2845.551,58.020
2679.491,56.845
2736.624,57.291
2612.831,55.603
2446.493,54.540
2452.224,54.531
2535.940,54.897
2093.588,50.967
2080.364,51.261
2045.338,50.701
2039.818,50.365
1983.924,50.435
1966.733,49.635
1959.028,49.936
1956.484,49.856
1937.611,49.635
2002.676,50.256
1945.985,49.936
2032.239,50.652
1879.334,49.170
1878.996,48.833
1924.357,49.796
1954.337,50.256
2015.958,50.642
2050.577,50.613
2005.644,50.731
2073.297,50.415
2012.687,50.563
2068.177,50.977
1924.774,50.166
2089.760,50.543
1889.889,49.504
1916.756,49.534
1852.575,48.607
1787.667,48.370
1834.638,48.235
1878.385,48.782
1737.069,47.113
1749.115,47.071
1688.824,47.304
1825.849,48.359
1664.511,46.868
1744.463,47.746
1776.234,47.714
1745.890,47.525
1700.327,47.230
1647.774,46.083
1652.105,46.697
1652.558,46.826
1727.353,47.441
1642.594,46.654
1730.864,47.198
1652.918,46.612
1794.941,48.452
1536.625,45.636
1686.048,46.954
1635.530,46.836
1728.816,47.346
1688.967,46.890
1789.174,48.163
1683.697,47.177
1779.012,47.787
1748.361,47.620
1841.283,48.452
1872.755,48.945
1734.501,47.451
1641.492,46.719
1832.293,48.277
1855.216,48.894
1741.428,47.283
1694.912,47.283
1777.198,47.662
1803.742,48.380
1935.947,49.129
1928.302,49.180
1782.837,47.588
1885.064,49.484
1823.661,48.710
1913.874,49.342
1904.430,49.037
1993.368,49.826
1989.595,49.886
1833.988,48.514
1908.938,49.585
2019.172,50.166
1904.537,49.635
1947.932,49.514
1919.527,49.736
2043.731,50.603
1821.639,48.483
1815.940,48.349
1850.806,48.730
1880.664,48.894
1850.576,48.894
1558.364,45.570
1883.951,49.027
1752.154,47.430
1716.445,47.304
1690.067,46.826
1779.932,47.609
1639.879,46.547
1701.050,46.922
1653.258,46.472
1676.495,46.954
1646.898,46.900
1749.345,47.693
1684.287,47.017
1744.774,47.609
1697.317,47.017
1699.965,47.353
1771.755,48.583
1723.792,47.763
1736.152,47.951
1815.193,48.727
1603.408,46.897
1776.096,48.552
1770.646,48.562
1701.809,47.794
1760.133,47.982
1689.021,47.826
