wave,inten,std
2852.214,1.024,0.064
2857.995,-0.088,0.062
2863.773,0.222,0.060
2869.546,1.142,0.068
2875.316,-0.114,0.059
2881.082,0.500,0.063
2886.844,-0.359,0.059
2892.602,0.473,0.065
2898.357,0.373,0.062
2904.108,0.485,0.062
2909.856,0.348,0.061
2915.600,0.515,0.063
2921.340,0.554,0.059
2927.076,0.031,0.062
2932.809,0.657,0.063
2938.538,2.072,0.076
2944.263,0.063,0.060
2949.985,-0.072,0.061
2955.703,1.322,0.067
2961.417,0.012,0.063
2967.128,0.698,0.062
2972.835,0.277,0.059
2978.538,0.098,0.058
2984.238,0.718,0.064
2989.934,0.269,0.060
2995.626,0.641,0.062
3001.315,0.203,0.060
3007.001,0.265,0.062
3012.682,0.269,0.061
3018.360,0.218,0.060
3024.035,-0.156,0.058
3029.706,0.268,0.061
3035.373,0.209,0.061
3041.036,0.101,0.060
3046.697,-0.686,0.057
3052.353,-0.022,0.057
3058.006,-0.061,0.058
3063.655,0.076,0.060
3069.301,-0.374,0.059
3074.943,0.420,0.062
3080.582,0.294,0.062
3086.217,0.290,0.065
3091.849,-0.261,0.060
3097.477,0.322,0.059
3103.101,0.037,0.059
3108.722,0.584,0.061
3114.340,0.904,0.064
3119.954,-0.034,0.060
3125.564,-0.361,0.062
3131.171,-0.317,0.058
3136.775,0.116,0.063
3142.374,0.061,0.058
3147.971,0.084,0.059
3153.564,0.044,0.059
3159.153,-0.032,0.061
3164.739,0.172,0.061
3170.322,-0.187,0.058
3175.901,0.322,0.060
3181.476,1.013,0.066
3187.049,0.922,0.067
3192.617,-0.127,0.060
3198.182,0.335,0.061
3203.744,0.183,0.059
3209.303,0.242,0.061
3214.857,1.827,0.073
3220.409,0.103,0.061
3225.957,0.335,0.062
3231.502,-0.175,0.062
3237.043,-0.059,0.059
3242.581,-0.096,0.062
3248.115,0.401,0.059
3253.646,-0.768,0.058
3259.174,-0.194,0.058
3264.698,-0.424,0.060
3270.219,-0.031,0.059
3275.736,0.823,0.065
3281.250,-0.026,0.061
3286.761,-0.154,0.058
3292.269,-0.215,0.062
3297.773,-0.070,0.059
3303.273,0.795,0.065
3308.771,0.244,0.061
3314.265,-0.158,0.056
3319.755,0.649,0.060
3325.242,0.673,0.061
3330.726,0.263,0.062
3336.207,0.344,0.062
3341.684,0.769,0.062
3347.158,0.335,0.061
3352.629,0.378,0.066
3358.096,0.347,0.063
3363.561,1.547,0.074
3369.021,0.269,0.061
3374.479,-0.169,0.057
3379.933,0.286,0.060
3385.384,0.199,0.061
3390.832,0.258,0.061
3396.276,0.147,0.058
3401.717,0.141,0.059
3407.155,0.428,0.059
3412.590,0.294,0.061
3418.021,-0.360,0.058
3423.449,0.314,0.063
3428.874,-0.129,0.062
3434.296,-0.067,0.062
3439.714,0.202,0.062
3445.130,-0.017,0.062
3450.542,0.056,0.061
3455.950,0.068,0.062
3461.356,0.536,0.065
3466.758,0.561,0.062
3472.158,0.530,0.061
3477.554,0.459,0.061
3482.946,0.533,0.061
3488.336,0.748,0.061
3493.722,0.547,0.063
3499.106,0.060,0.060
3504.486,0.638,0.065
3509.863,0.409,0.063
3515.236,0.406,0.063
3520.607,0.146,0.063
3525.974,0.281,0.063
3531.339,1.356,0.071
3536.700,0.389,0.063
3542.058,0.547,0.064
3547.413,0.378,0.066
3552.765,0.405,0.063
3558.113,0.681,0.067
3563.459,0.617,0.066
3568.801,0.782,0.065
3574.141,0.941,0.067
3579.477,0.249,0.063
3584.810,0.096,0.064
3590.140,1.520,0.071
3595.467,0.801,0.068
3600.791,0.689,0.067
3606.112,0.813,0.070
3611.429,0.700,0.067
3616.744,0.548,0.067
3622.056,0.904,0.067
3627.364,0.324,0.066
3632.670,0.761,0.069
3637.972,0.353,0.067
3643.272,0.200,0.068
3648.568,1.130,0.071
3653.862,0.862,0.071
3659.152,0.488,0.068
3664.439,1.353,0.071
3669.724,0.932,0.070
3675.005,1.229,0.069
3680.283,0.853,0.070
3685.558,1.086,0.071
3690.831,0.866,0.069
3696.100,1.011,0.071
3701.366,2.120,0.077
3706.630,1.775,0.074
3711.890,1.131,0.071
3717.147,1.141,0.074
3722.402,1.261,0.074
3727.653,0.606,0.070
3732.902,1.572,0.074
3738.147,1.488,0.075
3743.390,1.550,0.077
3748.630,1.702,0.077
3753.867,2.354,0.080
3759.100,1.386,0.074
3764.331,1.529,0.077
3769.559,1.712,0.076
3774.784,1.304,0.073
3780.006,1.784,0.077
3785.226,1.610,0.078
3790.442,1.596,0.079
3795.655,1.298,0.075
3800.866,3.348,0.091
3806.074,1.054,0.074
3811.279,2.112,0.083
3816.480,2.018,0.079
3821.679,1.790,0.079
3826.876,2.535,0.082
3832.069,2.126,0.082
3837.259,1.980,0.082
3842.447,2.048,0.083
3847.632,2.213,0.085
3852.814,1.435,0.084
3857.993,3.752,0.094
3863.169,3.461,0.094
3868.343,2.039,0.089
3873.513,1.907,0.090
3878.681,2.010,0.091
3883.846,2.110,0.096
3889.008,1.801,0.098
3894.168,2.375,0.106
3899.324,1.630,0.101
3904.478,1.472,0.096
3909.629,2.377,0.094
3914.777,2.762,0.091
3919.923,2.165,0.088
3925.065,1.713,0.089
3930.205,2.244,0.092
3935.342,2.004,0.094
3940.477,2.801,0.096
3945.609,2.469,0.094
3950.737,2.295,0.090
3955.864,1.996,0.092
3960.987,1.529,0.091
3966.108,2.099,0.092
3971.226,2.141,0.094
3976.341,2.707,0.094
3981.453,2.103,0.094
3986.563,2.436,0.094
3991.670,2.798,0.097
3996.775,2.319,0.099
4001.877,2.177,0.096
4006.976,2.314,0.099
4012.072,3.266,0.102
4017.166,2.824,0.100
4022.257,2.379,0.100
4027.345,2.644,0.100
4032.431,2.872,0.104
4037.514,2.679,0.106
4042.594,2.672,0.106
4047.672,2.490,0.104
4052.747,3.130,0.106
4057.819,3.668,0.113
4062.889,3.522,0.111
4067.956,3.128,0.110
4073.020,3.171,0.113
4078.082,2.536,0.113
4083.142,2.398,0.111
4088.198,2.900,0.117
4093.252,2.542,0.116
4098.304,3.183,0.123
4103.353,2.725,0.122
4108.399,2.095,0.123
4113.443,3.026,0.129
4118.484,3.598,0.131
4123.522,2.633,0.133
4128.558,3.265,0.135
4133.592,2.687,0.137
4138.622,3.096,0.136
4143.651,2.318,0.137
4148.676,3.240,0.140
4153.699,2.942,0.142
4158.720,2.820,0.144
4163.738,3.629,0.151
4168.754,3.308,0.150
4173.767,4.687,0.156
4178.777,2.876,0.155
4183.785,4.450,0.164
4188.791,2.812,0.163
4193.794,2.784,0.164
4198.794,2.954,0.166
4203.792,4.212,0.175
4208.788,3.332,0.176
4213.781,4.845,0.177
4218.771,4.138,0.180
4223.759,4.212,0.182
4228.745,2.309,0.184
4233.728,4.290,0.190
4238.708,3.933,0.197
4243.687,5.598,0.205
4248.662,3.056,0.217
4253.636,2.933,0.246
4258.606,1.763,0.261
4263.575,4.638,0.256
4268.541,3.263,0.229
4273.504,4.584,0.223
4278.465,4.401,0.227
4283.424,3.947,0.231
4288.380,5.012,0.234
4293.334,4.983,0.237
4298.286,2.803,0.238
4303.235,4.262,0.245
4308.182,4.371,0.250
4313.126,5.146,0.254
4318.068,4.732,0.258
4323.007,4.230,0.263
4327.945,2.447,0.264
4332.879,3.931,0.278
4337.812,2.858,0.281
4342.742,6.365,0.290
4347.670,5.250,0.292
4352.595,3.573,0.294
4357.518,6.216,0.301
4362.439,3.806,0.302
4367.357,3.899,0.304
4372.273,7.979,0.314
4377.187,5.380,0.315
4382.098,9.492,0.326
4387.007,6.742,0.323
4391.914,7.872,0.327
4396.819,7.520,0.327
4401.721,6.726,0.334
4406.621,18.524,0.349
4411.518,15.114,0.347
4416.414,12.415,0.351
4421.307,14.113,0.357
4426.197,4.923,0.350
4431.086,15.499,0.360
4435.972,6.546,0.346
4440.856,9.347,0.349
4445.738,14.890,0.339
4450.617,11.533,0.331
4455.495,12.966,0.328
4460.370,8.489,0.320
4465.242,8.387,0.316
4470.113,5.797,0.312
4474.981,7.621,0.310
4479.847,5.926,0.304
4484.711,7.073,0.303
4489.573,3.767,0.294
4494.432,6.900,0.295
4499.290,6.091,0.290
4504.145,3.797,0.283
4508.998,3.569,0.278
4513.848,5.176,0.278
4518.697,4.759,0.277
4523.543,6.711,0.274
4528.388,4.743,0.267
4533.230,4.796,0.265
4538.069,4.131,0.262
4542.907,5.611,0.262
4547.743,5.066,0.257
4552.576,5.302,0.257
4557.408,5.547,0.253
4562.237,3.396,0.247
4567.064,5.365,0.247
4571.889,5.651,0.247
4576.711,4.762,0.249
4581.532,2.255,0.239
4586.351,6.802,0.248
4591.167,3.288,0.240
4595.982,5.371,0.242
4600.794,5.112,0.240
4605.604,5.742,0.240
4610.412,5.532,0.238
4615.218,5.885,0.237
4620.022,5.870,0.233
4624.824,4.076,0.229
4629.624,5.264,0.227
4634.422,6.699,0.229
4639.217,6.195,0.224
4644.011,4.891,0.221
4648.803,4.571,0.220
4653.592,6.101,0.220
4658.380,4.712,0.215
4663.165,5.089,0.214
4667.949,6.002,0.215
4672.730,5.469,0.214
4677.510,6.799,0.218
4682.287,6.665,0.217
4687.062,4.489,0.211
4691.836,5.235,0.209
4696.607,4.948,0.205
4701.377,5.721,0.202
4706.144,5.515,0.200
4710.910,5.310,0.197
4715.673,6.148,0.196
4720.435,4.709,0.191
4725.195,5.752,0.192
4729.952,3.975,0.191
4734.708,4.376,0.191
4739.462,5.248,0.192
4744.213,4.972,0.188
4748.963,5.156,0.191
4753.711,5.006,0.190
4758.457,4.999,0.189
4763.201,4.407,0.189
4767.943,5.251,0.190
4772.684,5.965,0.194
4777.422,6.122,0.193
4782.158,5.582,0.194
4786.893,6.448,0.196
4791.626,4.185,0.193
4796.356,6.193,0.197
4801.085,5.699,0.196
4805.812,5.206,0.196
4810.537,6.096,0.198
4815.260,5.136,0.196
4819.982,3.929,0.195
4824.701,4.276,0.195
4829.419,4.515,0.195
4834.135,2.754,0.191
4838.849,6.065,0.201
4843.561,4.604,0.198
4848.271,4.955,0.199
4852.980,4.130,0.198
4857.686,5.675,0.200
4862.391,6.187,0.203
4867.094,5.518,0.202
4871.795,5.388,0.200
4876.495,4.740,0.202
4881.192,7.786,0.208
4885.888,5.417,0.202
4890.582,6.126,0.204
4895.274,5.859,0.204
4899.965,5.524,0.208
4904.653,5.841,0.210
4909.340,5.119,0.210
4914.025,5.218,0.212
4918.709,6.440,0.214
4923.390,5.909,0.215
4928.070,5.135,0.215
4932.748,8.280,0.224
4937.425,5.774,0.221
4942.099,5.822,0.227
4946.772,5.015,0.230
4951.444,5.445,0.230
4956.113,5.712,0.228
4960.781,5.726,0.228
4965.447,6.352,0.226
4970.111,6.833,0.227
4974.774,4.388,0.224
4979.435,5.424,0.226
4984.094,5.253,0.226
4988.752,7.472,0.231
4993.408,8.290,0.235
4998.062,7.864,0.235
5002.714,4.940,0.230
5007.365,7.102,0.235
5012.014,5.914,0.234
5016.662,5.833,0.233
5021.308,4.466,0.234
5025.952,7.404,0.241
5030.595,5.451,0.239
5035.236,7.269,0.244
5039.875,7.046,0.247
5044.513,8.714,0.252
5049.149,5.892,0.249
5053.784,5.982,0.255
5058.416,6.862,0.259
5063.048,4.781,0.250
5067.677,6.448,0.251
5072.306,6.801,0.252
5076.932,6.639,0.249
5081.557,7.413,0.251
5086.180,7.990,0.255
5090.802,9.188,0.260
5095.422,6.277,0.255
5100.041,3.850,0.247
5104.658,8.277,0.258
5109.274,6.030,0.254
5113.888,8.580,0.258
5118.500,6.313,0.257
5123.111,7.383,0.255
5127.720,6.942,0.256
5132.328,5.873,0.255
5136.934,7.550,0.259
5141.539,6.168,0.254
5146.142,8.847,0.262
5150.744,7.677,0.258
5155.344,6.342,0.257
5159.943,5.546,0.255
5164.540,4.594,0.254
5169.136,6.249,0.256
5173.730,5.062,0.256
5178.323,8.881,0.263
5182.914,7.239,0.260
5187.504,6.220,0.260
5192.093,5.928,0.260
5196.680,4.157,0.256
5201.265,8.329,0.266
5205.849,6.091,0.262
5210.432,6.311,0.260
5215.013,5.322,0.259
5219.592,6.930,0.263
5224.171,7.939,0.264
5228.747,9.386,0.267
5233.323,5.357,0.261
5237.897,6.107,0.263
5242.469,7.566,0.265
5247.041,8.213,0.265
5251.610,4.544,0.258
5256.179,7.474,0.264
5260.746,6.355,0.264
5265.311,7.102,0.267
5269.876,6.104,0.265
5274.438,6.860,0.264
5279.000,8.763,0.267
5283.560,6.987,0.267
5288.119,6.918,0.268
5292.676,8.682,0.271
5297.232,7.669,0.268
5301.787,8.187,0.270
5306.340,10.371,0.273
5310.892,7.502,0.268
5315.443,6.907,0.270
5319.992,6.726,0.271
5324.540,5.853,0.270
5329.087,9.488,0.281
5333.632,7.917,0.284
5338.176,6.536,0.288
5342.719,8.646,0.290
5347.261,8.839,0.288
5351.801,7.738,0.281
5356.340,7.658,0.279
5360.878,11.875,0.287
5365.414,6.411,0.278
5369.949,9.190,0.282
5374.483,7.205,0.280
5379.015,8.540,0.280
5383.547,6.103,0.277
5388.077,7.681,0.281
5392.606,7.158,0.282
5397.133,7.183,0.283
5401.660,8.916,0.294
5406.185,9.107,0.297
5410.709,7.041,0.295
5415.231,9.673,0.294
5419.753,6.217,0.288
5424.273,4.395,0.284
5428.792,7.352,0.290
5433.310,6.447,0.288
5437.826,12.730,0.303
5442.342,9.275,0.310
5446.856,17.899,0.363
5451.369,6.897,0.380
5455.881,12.616,0.355
5460.392,7.942,0.301
5464.901,10.079,0.293
5469.410,9.646,0.297
5473.917,8.203,0.292
5478.423,11.117,0.296
5482.928,10.284,0.290
5487.432,8.829,0.284
5491.934,8.720,0.284
5496.436,11.190,0.289
5500.936,6.112,0.279
5505.435,9.350,0.287
5509.934,7.083,0.281
5514.431,5.287,0.278
5518.927,7.269,0.280
5523.421,7.383,0.279
5527.915,7.602,0.276
5532.408,7.000,0.275
5536.899,4.434,0.271
5541.390,7.659,0.276
5545.879,7.489,0.278
5550.368,10.356,0.280
5554.855,10.399,0.281
5559.341,10.522,0.283
5563.826,9.039,0.288
5568.310,11.628,0.301
5572.793,7.624,0.296
5577.275,10.540,0.292
5581.756,9.622,0.281
5586.236,10.406,0.278
5590.715,10.432,0.282
5595.193,7.595,0.274
5599.670,6.676,0.272
5604.146,9.156,0.279
5608.620,7.905,0.274
5613.094,7.906,0.275
5617.567,7.303,0.274
5622.039,6.351,0.274
5626.510,9.071,0.279
5630.980,7.928,0.275
5635.449,8.662,0.278
5639.916,6.209,0.272
5644.383,6.794,0.273
5648.849,7.717,0.276
5653.314,11.346,0.282
5657.779,6.723,0.274
5662.242,9.435,0.286
5666.704,11.736,0.291
5671.165,13.399,0.298
5675.625,8.118,0.294
5680.085,12.181,0.310
5684.543,14.116,0.320
5689.001,11.273,0.308
5693.458,11.286,0.298
5697.913,10.132,0.287
5702.368,8.821,0.281
5706.822,11.081,0.282
5711.275,8.371,0.279
5715.727,8.621,0.275
5720.178,9.899,0.277
5724.629,8.473,0.272
5729.078,9.140,0.274
5733.527,8.713,0.269
5737.975,8.136,0.269
5742.422,9.800,0.273
5746.868,8.237,0.274
5751.313,9.377,0.273
5755.757,11.012,0.282
5760.201,9.282,0.284
5764.644,9.553,0.290
5769.086,6.273,0.287
5773.527,9.907,0.286
5777.967,8.113,0.277
5782.406,7.016,0.281
5786.845,9.841,0.293
5791.283,6.978,0.287
5795.720,10.113,0.285
5800.156,8.128,0.278
5804.591,13.013,0.284
5809.026,5.597,0.270
5813.460,8.886,0.277
5817.893,8.191,0.277
5822.325,10.274,0.282
5826.757,9.068,0.279
5831.188,6.550,0.275
5835.618,8.593,0.280
5840.047,8.657,0.283
5844.476,7.587,0.280
5848.904,13.296,0.293
5853.331,10.622,0.288
5857.757,8.422,0.284
5862.183,10.235,0.289
5866.608,10.354,0.289
5871.032,7.421,0.282
5875.455,9.987,0.287
5879.878,9.600,0.286
5884.300,8.922,0.282
5888.722,8.832,0.280
5893.142,8.768,0.281
5897.562,7.328,0.277
5901.982,7.962,0.280
5906.400,9.562,0.283
5910.818,10.910,0.285
5915.236,9.258,0.285
5919.653,9.391,0.283
5924.069,9.198,0.280
5928.484,9.635,0.283
5932.899,8.832,0.280
5937.313,12.798,0.285
5941.726,10.715,0.276
5946.139,9.680,0.271
5950.551,10.286,0.273
5954.963,10.822,0.274
5959.374,9.767,0.271
5963.784,6.265,0.264
5968.194,8.603,0.267
5972.603,8.066,0.265
5977.012,9.583,0.266
5981.420,10.546,0.268
5985.827,6.907,0.261
5990.234,9.106,0.266
5994.640,7.178,0.261
5999.046,7.280,0.260
6003.451,7.484,0.259
6007.856,9.768,0.264
6012.260,7.680,0.257
6016.663,7.763,0.258
6021.066,6.517,0.253
6025.468,8.441,0.256
6029.870,10.261,0.258
6034.272,11.873,0.259
6038.672,7.930,0.253
6043.073,7.734,0.252
6047.472,6.422,0.248
6051.872,7.604,0.249
6056.270,5.708,0.247
6060.669,7.629,0.249
6065.066,6.327,0.246
6069.464,9.412,0.251
6073.860,9.179,0.250
6078.257,8.753,0.249
6082.653,8.506,0.249
6087.048,7.602,0.248
6091.443,7.070,0.248
6095.837,8.098,0.250
6100.231,8.277,0.254
6104.625,8.614,0.262
6109.018,7.809,0.269
6113.410,8.686,0.278
6117.803,9.374,0.278
6122.194,6.046,0.263
6126.586,7.752,0.257
6130.977,9.418,0.256
6135.367,7.037,0.249
6139.757,5.891,0.246
6144.147,7.726,0.249
6148.536,7.835,0.249
6152.925,9.119,0.254
6157.314,6.986,0.250
6161.702,7.319,0.251
6166.090,9.243,0.252
6170.477,7.721,0.244
6174.864,4.218,0.233
6179.251,7.140,0.235
6183.637,6.751,0.236
6188.023,7.251,0.235
6192.408,7.514,0.237
6196.794,7.404,0.236
6201.178,7.221,0.236
6205.563,8.541,0.239
6209.947,6.047,0.234
6214.331,6.657,0.236
6218.715,6.932,0.234
6223.098,6.349,0.231
6227.481,6.371,0.229
6231.864,7.877,0.233
6236.246,7.856,0.233
6240.628,6.546,0.233
6245.010,6.564,0.231
6249.391,8.851,0.236
6253.772,5.999,0.229
6258.153,8.964,0.236
6262.534,8.251,0.233
6266.914,7.214,0.230
6271.294,8.556,0.229
6275.674,6.862,0.226
6280.054,8.566,0.226
6284.433,8.540,0.225
6288.812,5.659,0.219
6293.191,9.206,0.228
6297.570,7.290,0.228
6301.949,6.159,0.228
6306.327,10.303,0.236
6310.705,8.199,0.229
6315.083,7.915,0.225
6319.460,8.841,0.221
6323.838,7.495,0.216
6328.215,5.790,0.214
6332.592,7.458,0.217
6336.969,6.848,0.213
6341.345,6.038,0.210
6345.722,8.050,0.211
6350.098,7.542,0.211
6354.474,6.212,0.206
6358.850,6.728,0.206
6363.226,7.658,0.209
6367.601,4.731,0.200
6371.977,6.056,0.202
6376.352,7.470,0.204
6380.728,7.213,0.203
6385.103,7.108,0.200
6389.478,6.855,0.197
6393.853,7.994,0.198
6398.227,6.596,0.198
6402.602,7.805,0.201
6406.976,7.202,0.198
6411.351,6.669,0.193
6415.725,7.594,0.193
6420.099,8.047,0.193
6424.474,7.171,0.189
6428.848,7.043,0.188
6433.222,10.616,0.197
6437.596,8.784,0.191
6441.969,6.255,0.183
6446.343,8.511,0.190
6450.717,6.147,0.181
6455.091,7.055,0.182
6459.464,6.440,0.182
6463.838,8.685,0.187
6468.211,6.511,0.179
6472.585,6.839,0.179
6476.959,7.228,0.178
6481.332,6.986,0.177
6485.705,9.208,0.182
6490.079,6.961,0.175
6494.452,6.601,0.174
6498.826,7.237,0.176
6503.199,6.833,0.177
6507.573,6.527,0.175
6511.946,8.290,0.180
6516.320,5.506,0.168
6520.693,6.195,0.166
6525.067,5.973,0.168
6529.440,7.182,0.171
6533.814,6.447,0.171
6538.188,6.664,0.169
6542.561,7.980,0.172
6546.935,6.693,0.168
6551.309,7.777,0.171
6555.683,6.961,0.170
6560.057,6.427,0.164
6564.431,6.019,0.162
6568.805,6.059,0.162
6573.179,6.089,0.161
6577.553,7.557,0.166
6581.928,5.791,0.161
6586.302,7.489,0.164
6590.677,6.071,0.160
6595.052,6.203,0.161
6599.426,6.509,0.162
6603.801,6.385,0.162
6608.176,6.695,0.163
6612.551,5.904,0.159
6616.927,7.174,0.162
6621.302,5.576,0.157
6625.678,6.110,0.158
6630.053,5.677,0.156
6634.429,6.465,0.157
6638.805,6.025,0.156
6643.182,6.507,0.156
6647.558,8.264,0.163
6651.935,7.155,0.161
6656.311,6.385,0.156
6660.688,7.000,0.159
6665.065,6.167,0.159
6669.443,7.418,0.161
6673.820,6.285,0.156
6678.198,6.261,0.155
6682.576,5.651,0.153
6686.954,5.972,0.153
6691.332,7.077,0.155
6695.711,7.349,0.157
6700.089,6.381,0.154
6704.468,7.576,0.160
6708.848,6.625,0.157
6713.227,6.509,0.158
6717.607,5.839,0.151
6721.987,7.174,0.153
6726.367,7.651,0.154
6730.748,6.064,0.145
6735.128,8.056,0.154
6739.509,6.519,0.149
6743.891,6.125,0.148
6748.272,5.683,0.145
6752.654,7.621,0.151
6757.036,6.844,0.149
6761.419,6.188,0.144
6765.802,5.948,0.144
6770.185,6.389,0.144
6774.568,5.857,0.143
6778.952,6.316,0.143
6783.336,6.117,0.144
6787.720,7.234,0.146
6792.105,8.004,0.147
6796.490,7.727,0.145
6800.875,5.783,0.139
6805.261,8.658,0.150
6809.647,6.394,0.141
6814.034,5.773,0.139
6818.421,6.404,0.140
6822.808,5.156,0.138
6827.195,5.048,0.138
6831.583,5.871,0.141
6835.972,6.005,0.139
6840.360,5.894,0.136
6844.749,6.256,0.140
6849.139,5.125,0.136
6853.529,7.440,0.144
6857.919,5.204,0.136
6862.310,6.171,0.136
6866.701,4.391,0.124
6871.092,4.315,0.121
6875.484,4.146,0.121
6879.877,5.258,0.125
6884.270,5.110,0.126
6888.663,4.679,0.124
6893.057,5.040,0.124
6897.451,4.858,0.123
6901.845,5.636,0.129
6906.240,4.650,0.127
6910.636,4.777,0.127
6915.032,5.059,0.128
6919.429,5.610,0.132
6923.826,5.974,0.131
6928.223,6.232,0.129
6932.621,5.156,0.126
6937.020,5.488,0.125
6941.418,4.863,0.123
6945.818,4.571,0.122
6950.218,4.463,0.123
6954.618,5.555,0.125
6959.020,5.446,0.125
6963.421,5.283,0.124
6967.823,6.731,0.131
6972.226,5.979,0.128
6976.629,5.276,0.125
6981.033,5.081,0.125
6985.437,5.173,0.123
6989.842,4.835,0.120
6994.247,5.657,0.124
6998.653,5.454,0.123
7003.060,4.560,0.120
7007.467,5.287,0.121
7011.874,5.144,0.122
7016.283,5.020,0.119
7020.691,5.134,0.122
7025.101,5.371,0.122
7029.511,5.052,0.125
7033.922,6.641,0.128
7038.333,6.349,0.125
7042.745,5.172,0.122
7047.157,4.974,0.119
7051.570,5.619,0.122
7055.984,4.942,0.121
7060.399,4.365,0.118
7064.814,5.328,0.121
7069.229,4.426,0.120
7073.646,4.343,0.118
7078.063,4.904,0.121
7082.480,4.926,0.120
7086.899,4.319,0.120
7091.318,5.154,0.122
7095.737,5.184,0.120
7100.158,4.606,0.117
7104.579,5.250,0.115
7109.000,5.174,0.116
7113.423,4.601,0.115
7117.846,5.097,0.118
7122.270,4.871,0.115
7126.694,5.393,0.117
7131.120,4.417,0.113
7135.546,5.685,0.120
7139.972,4.321,0.112
7144.400,5.203,0.119
7148.828,5.303,0.116
7153.257,4.374,0.114
7157.687,4.694,0.113
7162.117,4.258,0.108
7166.548,4.346,0.105
7170.980,4.159,0.104
7175.413,3.037,0.100
7179.846,3.901,0.104
7184.280,3.716,0.100
7188.715,3.234,0.098
7193.151,3.245,0.103
7197.588,3.347,0.098
7202.025,3.213,0.099
7206.463,3.494,0.103
7210.902,4.607,0.109
7215.342,5.582,0.113
7219.783,3.853,0.106
7224.224,4.470,0.108
7228.667,3.327,0.102
7233.110,2.638,0.100
7237.554,3.167,0.104
7241.998,3.568,0.105
7246.444,4.042,0.108
7250.891,3.967,0.107
7255.338,5.332,0.109
7259.786,3.443,0.104
7264.235,4.213,0.105
7268.685,4.376,0.108
7273.136,3.703,0.107
7277.587,3.833,0.108
7282.040,3.932,0.106
7286.493,3.387,0.102
7290.948,4.468,0.104
7295.403,3.556,0.099
7299.859,3.783,0.103
7304.316,3.487,0.099
7308.774,3.470,0.100
7313.233,3.897,0.103
7317.693,3.375,0.104
7322.154,3.727,0.102
7326.615,3.725,0.102
7331.078,4.302,0.109
7335.542,4.098,0.106
7340.006,3.847,0.104
7344.472,4.039,0.106
7348.938,4.688,0.106
7353.406,3.838,0.103
7357.874,4.613,0.106
7362.343,4.251,0.101
7366.814,4.704,0.107
7371.285,3.380,0.103
7375.757,4.228,0.100
7380.231,3.613,0.100
7384.705,4.265,0.102
7389.180,3.357,0.098
7393.656,3.745,0.102
7398.134,3.859,0.101
7402.612,4.520,0.105
7407.091,3.539,0.100
7411.572,4.560,0.103
7416.053,3.972,0.101
7420.536,3.626,0.100
7425.019,3.880,0.102
7429.504,3.465,0.097
7433.990,3.680,0.100
7438.476,3.840,0.102
7442.964,3.831,0.100
7447.453,3.774,0.098
7451.943,3.705,0.097
7456.434,3.905,0.098
7460.926,3.628,0.098
7465.419,3.962,0.100
7469.913,3.896,0.099
7474.408,3.595,0.100
7478.905,3.832,0.101
7483.402,3.510,0.099
7487.901,3.289,0.095
7492.401,4.520,0.102
7496.902,2.892,0.095
7501.404,3.405,0.096
7505.907,3.578,0.095
7510.411,3.462,0.098
7514.917,3.270,0.095
7519.423,3.361,0.098
7523.931,4.281,0.104
7528.440,2.923,0.098
7532.950,3.873,0.101
7537.461,4.021,0.099
7541.974,3.092,0.098
7546.488,3.194,0.096
7551.002,3.468,0.096
7555.518,3.730,0.099
7560.035,2.852,0.096
7564.554,3.634,0.095
7569.073,3.204,0.096
7573.594,2.913,0.093
7578.116,3.436,0.097
7582.639,3.595,0.096
7587.164,4.041,0.099
7591.690,2.734,0.090
7596.216,3.932,0.093
7600.745,1.822,0.080
7605.274,0.930,0.070
7609.805,1.386,0.073
7614.337,0.964,0.073
7618.870,1.870,0.079
7623.404,3.845,0.092
7627.940,1.903,0.079
7632.477,1.486,0.074
7637.015,1.100,0.075
7641.555,2.094,0.079
7646.095,2.137,0.080
7650.637,2.186,0.081
7655.181,2.340,0.088
7659.726,2.248,0.084
7664.272,2.105,0.086
7668.819,2.815,0.091
7673.368,2.989,0.089
7677.918,3.295,0.093
7682.469,2.641,0.087
7687.021,2.667,0.086
7691.575,2.838,0.090
7696.131,3.099,0.092
7700.687,2.743,0.090
7705.245,2.232,0.090
7709.805,2.658,0.089
7714.366,2.358,0.091
7718.928,2.680,0.091
7723.491,3.434,0.098
7728.056,1.967,0.088
7732.622,2.883,0.091
7737.190,2.211,0.087
7741.759,2.984,0.090
7746.329,2.621,0.090
7750.901,2.334,0.091
7755.474,3.014,0.094
7760.049,2.455,0.090
7764.625,3.660,0.098
7769.203,4.348,0.096
7773.782,2.453,0.087
7778.362,2.902,0.088
7782.944,2.668,0.089
7787.527,3.275,0.090
7792.112,2.465,0.087
7796.698,2.738,0.089
7801.285,2.703,0.092
7805.874,2.440,0.090
7810.465,3.245,0.090
7815.057,2.367,0.087
7819.650,3.119,0.094
7824.245,2.295,0.090
7828.842,1.742,0.087
7833.440,1.558,0.085
7838.039,2.374,0.085
7842.640,2.200,0.085
7847.243,2.007,0.085
7851.846,2.344,0.086
7856.452,2.698,0.088
7861.059,2.324,0.088
7865.667,1.876,0.087
7870.278,2.405,0.086
7874.889,2.483,0.088
7879.502,2.649,0.088
7884.117,1.960,0.086
7888.733,2.301,0.086
7893.351,2.481,0.087
7897.970,2.511,0.088
7902.591,2.559,0.084
7907.214,2.817,0.088
7911.838,2.247,0.085
7916.464,2.166,0.084
7921.091,2.380,0.087
7925.720,1.591,0.086
7930.350,3.258,0.096
7934.982,1.960,0.083
7939.616,2.255,0.083
7944.251,1.963,0.082
7948.888,1.070,0.080
7953.526,1.470,0.080
7958.167,2.794,0.085
7962.808,1.934,0.081
7967.452,2.322,0.082
7972.097,2.862,0.086
7976.743,2.071,0.087
7981.392,2.200,0.088
7986.042,1.917,0.084
7990.693,2.188,0.088
7995.347,1.833,0.084
8000.002,2.611,0.088
8004.658,2.695,0.088
8009.317,2.708,0.083
8013.977,3.021,0.088
8018.639,1.836,0.083
8023.302,1.809,0.082
8027.967,2.632,0.084
8032.634,2.629,0.086
8037.303,2.779,0.088
8041.973,3.244,0.090
8046.645,2.333,0.086
8051.319,2.403,0.088
8055.994,1.501,0.079
8060.671,1.603,0.084
8065.350,1.760,0.080
8070.031,3.228,0.087
8074.713,2.094,0.083
8079.397,2.616,0.081
8084.083,2.537,0.083
8088.771,1.922,0.083
8093.461,2.343,0.084
8098.152,1.677,0.077
8102.845,1.820,0.080
8107.540,1.906,0.082
8112.236,3.826,0.091
8116.935,2.075,0.080
8121.635,2.509,0.081
8126.337,0.979,0.079
8131.041,1.730,0.083
8135.747,2.073,0.080
8140.454,1.641,0.085
8145.163,2.069,0.079
8149.874,1.956,0.080
8154.587,2.836,0.084
8159.302,1.495,0.078
8164.019,1.952,0.079
8168.737,1.266,0.076
8173.458,1.342,0.076
8178.180,1.611,0.074
8182.904,1.219,0.075
8187.630,1.353,0.080
8192.358,1.231,0.078
8197.088,2.134,0.085
8201.819,4.349,0.102
8206.553,1.789,0.094
8211.288,2.846,0.098
8216.026,2.854,0.101
8220.765,0.797,0.091
8225.506,2.257,0.095
8230.249,1.647,0.090
8234.994,1.595,0.086
8239.741,2.247,0.086
8244.490,1.471,0.078
8249.240,1.912,0.081
8253.993,1.553,0.080
8258.748,1.865,0.077
8263.504,1.459,0.075
8268.263,1.571,0.075
8273.023,2.269,0.080
8277.786,2.889,0.085
8282.550,1.710,0.076
8287.317,1.256,0.074
8292.085,1.170,0.074
8296.855,0.794,0.075
8301.628,1.954,0.077
8306.402,1.595,0.078
8311.179,1.847,0.080
8315.957,2.943,0.087
8320.737,0.904,0.079
8325.520,2.737,0.085
8330.304,1.585,0.079
8335.091,2.319,0.080
8339.879,1.488,0.077
8344.670,1.606,0.077
8349.462,0.655,0.072
8354.257,1.842,0.079
8359.054,1.924,0.077
8363.852,1.038,0.077
8368.653,2.103,0.081
8373.456,2.944,0.086
8378.261,1.039,0.078
8383.068,1.467,0.078
8387.877,1.992,0.079
8392.688,1.777,0.077
8397.501,2.226,0.081
8402.317,1.950,0.080
8407.134,1.547,0.077
8411.954,1.750,0.078
8416.775,1.341,0.078
8421.599,2.042,0.080
8426.425,2.266,0.080
8431.253,1.060,0.077
8436.083,2.874,0.083
8440.915,1.840,0.080
8445.750,1.223,0.077
8450.586,0.975,0.077
8455.425,1.856,0.081
8460.266,1.359,0.077
8465.109,1.242,0.078
8469.954,1.159,0.077
8474.802,1.112,0.076
8479.651,2.254,0.083
8484.503,1.532,0.080
8489.357,1.253,0.075
8494.213,1.572,0.078
8499.071,2.085,0.080
8503.932,0.275,0.075
8508.794,1.036,0.078
8513.659,1.727,0.079
8518.527,0.803,0.076
8523.396,1.254,0.080
8528.267,1.684,0.075
8533.141,2.093,0.084
8538.017,1.059,0.076
8542.896,0.481,0.076
8547.776,0.999,0.074
8552.659,1.345,0.076
8557.544,0.899,0.076
8562.431,1.172,0.078
8567.321,2.065,0.085
8572.213,1.066,0.075
8577.107,1.105,0.076
8582.003,1.594,0.077
8586.902,1.519,0.076
8591.803,1.311,0.079
8596.706,0.814,0.075
8601.612,0.950,0.076
8606.519,0.946,0.077
8611.430,1.489,0.076
8616.342,2.098,0.079
8621.257,0.911,0.079
8626.174,1.612,0.078
8631.093,0.549,0.077
8636.015,1.445,0.079
8640.939,0.617,0.075
8645.866,0.739,0.074
8650.795,1.884,0.081
8655.726,0.826,0.079
8660.659,1.034,0.076
8665.595,1.323,0.079
8670.534,1.262,0.075
8675.474,1.105,0.073
8680.417,0.888,0.074
8685.363,1.579,0.080
8690.310,0.957,0.077
8695.261,0.561,0.078
8700.213,0.746,0.077
8705.168,1.576,0.083
8710.126,1.404,0.080
8715.085,1.613,0.079
8720.048,1.407,0.084
8725.012,1.671,0.083
8729.979,1.661,0.082
8734.949,1.341,0.080
8739.921,1.086,0.077
8744.895,2.183,0.081
8749.872,1.813,0.081
8754.852,1.427,0.075
8759.833,0.894,0.076
8764.818,0.322,0.075
8769.804,3.033,0.087
8774.793,1.648,0.081
8779.785,1.093,0.081
8784.779,1.988,0.083
8789.776,0.410,0.073
8794.775,1.484,0.076
8799.777,1.652,0.078
8804.781,2.759,0.086
8809.787,0.906,0.075
8814.797,1.217,0.078
8819.808,0.663,0.077
8824.823,0.522,0.078
8829.839,0.798,0.076
8834.858,1.368,0.080
8839.880,1.418,0.081
8844.905,1.559,0.082
8849.932,0.398,0.078
8854.961,1.560,0.081
8859.993,1.836,0.083
8865.028,0.357,0.076
8870.065,0.786,0.077
8875.104,1.557,0.079
8880.147,1.629,0.084
8885.192,0.819,0.078
8890.239,0.576,0.079
8895.289,2.098,0.086
8900.342,1.168,0.083
8905.397,0.863,0.080
8910.455,1.725,0.081
8915.515,1.521,0.087
8920.578,2.646,0.091
8925.644,2.595,0.088
8930.713,1.085,0.081
8935.784,1.427,0.083
8940.857,1.177,0.081
8945.933,1.037,0.081
8951.012,0.618,0.080
8956.094,1.831,0.085
8961.178,0.725,0.077
8966.265,0.663,0.083
8971.355,0.975,0.083
8976.447,1.480,0.085
8981.542,0.270,0.081
8986.639,1.596,0.080
8991.740,0.660,0.080
8996.843,-0.025,0.080
9001.948,1.331,0.081
9007.057,0.259,0.080
9012.168,1.024,0.079
9017.282,1.950,0.083
9022.398,1.046,0.079
9027.517,1.865,0.086
9032.639,1.301,0.080
9037.764,1.763,0.083
9042.891,1.017,0.079
9048.022,1.279,0.080
9053.155,1.479,0.083
9058.290,0.567,0.076
9063.429,0.150,0.078
9068.570,0.516,0.079
9073.714,0.204,0.077
9078.861,0.805,0.077
9084.010,0.750,0.076
9089.162,1.093,0.077
9094.318,2.675,0.086
9099.475,1.833,0.082
9104.636,0.866,0.077
9109.800,1.190,0.078
9114.966,0.455,0.076
9120.135,0.470,0.073
9125.307,1.216,0.082
9130.482,1.240,0.080
9135.659,0.978,0.076
9140.840,0.011,0.074
9146.023,0.762,0.079
9151.209,0.820,0.076
9156.398,-0.024,0.071
9161.590,0.759,0.076
9166.784,0.880,0.074
9171.982,0.309,0.074
9177.182,0.580,0.075
9182.386,1.406,0.078
9187.592,0.470,0.077
9192.801,1.540,0.080
9198.013,0.887,0.076
9203.227,1.315,0.077
9208.445,0.799,0.072
9213.666,1.325,0.076
9218.889,2.058,0.080
9224.116,0.514,0.074
9229.345,1.411,0.077
9234.577,0.201,0.071
9239.812,0.913,0.076
9245.051,0.569,0.071
9250.292,-0.019,0.067
9255.536,0.389,0.069
9260.782,0.721,0.070
9266.032,0.094,0.067
9271.285,0.060,0.071
9276.541,0.536,0.069
9281.800,1.039,0.076
9287.062,0.181,0.070
9292.326,2.118,0.079
9297.594,0.376,0.070
9302.865,0.450,0.072
9308.138,0.249,0.067
9313.415,1.875,0.078
9318.695,1.138,0.073
9323.977,1.034,0.072
9329.263,0.782,0.068
9334.552,0.588,0.071
9339.844,0.415,0.067
9345.138,0.644,0.069
9350.436,0.609,0.069
9355.737,1.235,0.080
9361.041,0.098,0.067
9366.348,3.596,0.080
9371.658,0.932,0.068
9376.971,0.118,0.070
9382.287,0.409,0.063
9387.606,2.499,0.083
9392.928,1.099,0.068
9398.254,0.582,0.069
9403.582,1.028,0.070
9408.914,0.023,0.067
9414.248,0.737,0.068
9419.586,0.959,0.070
9424.927,-0.131,0.066
9430.271,0.738,0.072
9435.618,1.571,0.075
9440.968,0.478,0.065
9446.321,1.709,0.073
9451.677,0.330,0.068
9457.037,1.242,0.071
9462.399,0.442,0.071
9467.765,0.214,0.068
9473.134,0.463,0.067
9478.506,0.565,0.070
9483.881,1.185,0.071
9489.260,-0.044,0.062
9494.641,-0.401,0.065
9500.026,0.194,0.067
9505.414,1.563,0.073
9510.805,0.212,0.063
9516.199,0.013,0.062
9521.597,0.876,0.067
9526.997,0.086,0.065
9532.401,1.395,0.069
9537.808,-0.754,0.061
9543.219,1.159,0.069
9548.632,0.114,0.065
9554.049,0.746,0.066
9559.469,0.278,0.068
9564.892,-0.192,0.064
9570.318,0.560,0.067
9575.748,0.754,0.069
9581.181,0.763,0.068
9586.617,1.410,0.072
9592.056,0.574,0.067
9597.499,0.359,0.068
9602.945,1.066,0.068
9608.394,-0.479,0.060
9613.847,0.097,0.062
9619.303,0.179,0.067
9624.762,1.366,0.074
9630.224,0.437,0.066
9635.690,0.285,0.065
9641.158,2.977,0.082
9646.631,1.026,0.065
9652.106,0.139,0.063
9657.585,0.109,0.066
9663.067,0.379,0.066
9668.553,-0.050,0.061
9674.042,1.296,0.075
9679.534,0.059,0.065
9685.029,0.305,0.067
9690.528,0.775,0.067
9696.030,-0.139,0.064
9701.536,1.418,0.073
9707.045,0.769,0.068
9712.557,-0.048,0.063
9718.073,-0.378,0.063
9723.592,0.933,0.073
9729.114,0.824,0.066
9734.640,1.209,0.074
9740.169,1.915,0.068
9745.702,0.532,0.066
9751.238,-0.852,0.062
9756.777,0.182,0.068
9762.320,-0.587,0.063
9767.866,1.167,0.065
9773.416,0.522,0.071
9778.969,0.269,0.064
9784.526,0.176,0.069
9790.086,-0.255,0.066
9795.649,1.021,0.066
9801.216,1.541,0.071
9806.786,-0.052,0.066
9812.360,-0.588,0.068
9817.937,0.339,0.063
9823.518,1.002,0.075
9829.102,1.066,0.074
9834.689,0.712,0.074
9840.281,0.999,0.072
9845.875,0.196,0.060
9851.473,0.916,0.067
9857.075,0.328,0.070
9862.680,1.498,0.078
9868.288,-0.053,0.071
9873.900,-2.154,0.069
9879.516,0.311,0.069
9885.135,0.086,0.069
9890.758,0.710,0.077
9896.384,1.786,0.080
9902.014,-0.737,0.071
9907.647,2.010,0.075
9913.284,1.465,0.073
9918.924,0.715,0.070
9924.568,-0.398,0.071
9930.215,-0.191,0.068
9935.866,0.248,0.070
9941.521,-0.084,0.072
9947.179,0.767,0.074
9952.841,0.829,0.078
9958.506,0.633,0.075
9964.175,-0.464,0.074
9969.847,0.739,0.068
9975.524,1.303,0.069
9981.203,2.637,0.076
9986.887,-0.334,0.073
9992.574,-0.316,0.072
9998.264,1.368,0.073
10003.958,0.290,0.085
10009.656,0.906,0.100
10015.358,-1.993,0.087
10021.063,-0.156,0.073
10026.771,-0.222,0.083
10032.484,3.908,0.093
10038.200,-0.880,0.081
10043.919,0.992,0.078
10049.643,3.293,0.087
10055.370,-0.977,0.073
10061.101,2.118,0.076
10066.835,-2.034,0.075
10072.573,-0.606,0.070
10078.315,1.227,0.079
10084.060,1.449,0.078
10089.809,0.502,0.079
10095.562,-0.139,0.076
10101.319,-0.950,0.080
10107.079,0.734,0.071
