"Time (s) Run #1","Angle (rad) Run #1","Angular Velocity (rad/s) Run #1","Angular Acceleration (rad/s²) Run #1","Position (m) Run #1","Velocity (m/s) Run #1","Acceleration (m/s²) Run #1"
0.000,0.000,,,0.0000,,
0.050,-0.014,-0.204,,-3.3750E-4,-0.005,
0.100,-0.020,-0.037,3.246,-4.8750E-4,-8.750E-4,0.077
0.150,-0.017,0.120,2.897,-4.1250E-4,0.003,0.069
0.200,-0.008,0.262,2.356,-1.8750E-4,0.006,0.056
0.250,0.009,0.367,1.553,2.2500E-4,0.009,0.037
0.300,0.031,0.424,0.576,7.5000E-4,0.010,0.014
0.350,0.053,0.424,-0.419,0.0013,0.010,-0.010
0.400,0.075,0.377,-1.326,0.0018,0.009,-0.032
0.450,0.093,0.288,-2.059,0.0022,0.007,-0.049
0.500,0.105,0.162,-2.548,0.0025,0.004,-0.061
0.550,0.110,0.021,-2.705,0.0026,5.000E-4,-0.065
0.600,0.107,-0.120,-2.513,0.0026,-0.003,-0.060
0.650,0.097,-0.241,-2.025,0.0023,-0.006,-0.048
0.700,0.082,-0.330,-1.309,0.0020,-0.008,-0.031
0.750,0.063,-0.377,-0.454,0.0015,-0.009,-0.011
0.800,0.042,-0.377,0.454,0.0010,-0.009,0.011
0.850,0.024,-0.330,1.292,5.6250E-4,-0.008,0.031
0.900,0.008,-0.241,1.920,1.8750E-4,-0.006,0.046
0.950,-0.002,-0.126,2.251,-3.7500E-5,-0.003,0.054
1.000,-0.005,-0.005,2.304,-1.1250E-4,-1.250E-4,0.055
1.050,-0.002,0.110,2.129,-3.7500E-5,0.003,0.051
1.100,0.006,0.215,1.728,1.5000E-4,0.005,0.041
1.150,0.020,0.293,1.082,4.8750E-4,0.007,0.026
1.200,0.038,0.330,0.297,9.0000E-4,0.008,0.007
1.250,0.055,0.319,-0.454,0.0013,0.008,-0.011
1.300,0.071,0.278,-1.100,0.0017,0.007,-0.026
1.350,0.083,0.209,-1.815,0.0020,0.005,-0.043
1.400,0.093,0.110,-3.107,0.0022,0.003,-0.074
1.450,0.096,-0.058,-5.306,0.0023,-0.001,-0.127
1.500,0.091,-0.387,-7.871,0.0022,-0.009,-0.188
1.550,0.068,-0.885,-9.599,0.0016,-0.021,-0.229
1.600,0.005,-1.424,-9.774,1.1250E-4,-0.034,-0.233
1.650,-0.083,-1.901,-8.674,-0.0020,-0.045,-0.207
1.700,-0.185,-2.304,-6.597,-0.0044,-0.055,-0.158
1.750,-0.313,-2.608,-3.560,-0.0075,-0.062,-0.085
1.800,-0.457,-2.697,-0.122,-0.0109,-0.064,-0.003
1.850,-0.594,-2.576,2.461,-0.0142,-0.061,0.059
1.900,-0.713,-2.372,3.613,-0.0170,-0.057,0.086
1.950,-0.829,-2.194,3.840,-0.0198,-0.052,0.092
2.000,-0.933,-1.995,3.735,-0.0223,-0.048,0.089
2.050,-1.032,-1.801,3.718,-0.0246,-0.043,0.089
2.100,-1.109,-1.644,3.927,-0.0265,-0.039,0.094
2.150,-1.194,-1.429,4.102,-0.0285,-0.034,0.098
2.200,-1.264,-1.189,3.334,-0.0302,-0.028,0.080
2.250,-1.305,-1.026,1.379,-0.0312,-0.024,0.033
2.300,-1.354,-1.047,-0.541,-0.0323,-0.025,-0.013
2.350,-1.412,-1.157,-1.257,-0.0337,-0.028,-0.030
2.400,-1.472,-1.220,-0.820,-0.0351,-0.029,-0.020
2.450,-1.535,-1.230,-0.122,-0.0366,-0.029,-0.003
2.500,-1.598,-1.220,0.314,-0.0381,-0.029,0.008
2.550,-1.656,-1.194,0.663,-0.0395,-0.029,0.016
2.600,-1.717,-1.162,1.169,-0.0410,-0.028,0.028
2.650,-1.773,-1.089,1.623,-0.0423,-0.026,0.039
2.700,-1.828,-0.974,1.553,-0.0437,-0.023,0.037
2.750,-1.871,-0.895,0.768,-0.0447,-0.021,0.018
2.800,-1.912,-0.890,-0.227,-0.0456,-0.021,-0.005
2.850,-1.959,-0.942,-0.803,-0.0468,-0.022,-0.019
2.900,-2.007,-0.995,-0.925,-0.0479,-0.024,-0.022
2.950,-2.058,-1.031,-0.750,-0.0491,-0.025,-0.018
3.000,-2.111,-1.079,-0.262,-0.0504,-0.026,-0.006
3.050,-2.165,-1.084,0.541,-0.0517,-0.026,0.013
3.100,-2.224,-1.021,1.309,-0.0531,-0.024,0.031
3.150,-2.270,-0.927,1.693,-0.0542,-0.022,0.040
3.200,-2.312,-0.843,2.426,-0.0552,-0.020,0.058
3.250,-2.355,-0.754,6.213,-0.0562,-0.018,0.148
3.300,-2.392,-0.466,16.616,-0.0571,-0.011,0.397
3.350,-2.416,0.560,34.278,-0.0577,0.013,0.818
3.400,-2.391,2.827,53.739,-0.0571,0.068,1.283
3.450,-2.188,6.236,65.415,-0.0522,0.149,1.562
3.500,-1.772,9.980,62.588,-0.0423,0.238,1.494
3.550,-1.164,13.032,45.989,-0.0278,0.311,1.098
3.600,-0.421,14.807,22.811,-0.0100,0.353,0.545
3.650,0.371,15.205,2.286,0.0089,0.363,0.055
3.700,1.136,14.650,-8.779,0.0271,0.350,-0.210
3.750,1.841,13.875,-8.622,0.0440,0.331,-0.206
3.800,2.504,13.504,-1.187,0.0598,0.322,-0.028
3.850,3.165,13.765,6.091,0.0756,0.329,0.145
3.900,3.863,14.404,6.021,0.0922,0.344,0.144
3.950,4.612,14.802,-4.869,0.1101,0.353,-0.116
4.000,5.378,14.273,-24.662,0.1284,0.341,-0.589
4.050,6.090,12.435,-47.386,0.1454,0.297,-1.131
4.100,6.666,9.372,-66.637,0.1592,0.224,-1.591
4.150,7.054,5.487,-78.854,0.1684,0.131,-1.883
4.200,7.226,1.230,-83.724,0.1725,0.029,-1.999
4.250,7.177,-3.079,-82.031,0.1713,-0.074,-1.958
4.300,6.913,-7.179,-73.670,0.1650,-0.171,-1.759
4.350,6.443,-10.713,-58.085,0.1538,-0.256,-1.387
4.400,5.806,-13.237,-36.669,0.1386,-0.316,-0.875
4.450,5.071,-14.446,-14.259,0.1211,-0.345,-0.340
4.500,4.315,-14.446,2.478,0.1030,-0.345,0.059
4.550,3.600,-13.781,8.884,0.0859,-0.329,0.212
4.600,2.942,-13.158,5.236,0.0702,-0.314,0.125
4.650,2.309,-13.069,-3.316,0.0551,-0.312,-0.079
4.700,1.659,-13.587,-9.372,0.0396,-0.324,-0.224
4.750,0.963,-14.347,-6.720,0.0230,-0.342,-0.160
4.800,0.212,-14.692,6.789,0.0051,-0.351,0.162
4.850,-0.548,-13.980,28.100,-0.0131,-0.334,0.671
4.900,-1.238,-11.917,50.772,-0.0295,-0.285,1.212
4.950,-1.781,-8.692,68.818,-0.0425,-0.207,1.643
5.000,-2.130,-4.749,79.552,-0.0508,-0.113,1.899
5.050,-2.264,-0.503,83.235,-0.0540,-0.012,1.987
5.100,-2.180,3.759,80.547,-0.0520,0.090,1.923
5.150,-1.882,7.770,71.052,-0.0449,0.186,1.696
5.200,-1.384,11.142,54.262,-0.0330,0.266,1.295
5.250,-0.729,13.430,32.097,-0.0174,0.321,0.766
5.300,0.009,14.378,9.861,2.2500E-4,0.343,0.235
5.350,0.754,14.163,-5.864,0.0180,0.338,-0.140
5.400,1.447,13.367,-11.065,0.0345,0.319,-0.264
5.450,2.083,12.682,-6.702,0.0497,0.303,-0.160
5.500,2.691,12.540,1.990,0.0642,0.299,0.047
5.550,3.314,12.980,8.151,0.0791,0.310,0.195
5.600,3.977,13.666,6.231,0.0950,0.326,0.149
5.650,4.690,14.001,-5.829,0.1120,0.334,-0.139
5.700,5.415,13.388,-25.604,0.1293,0.320,-0.611
5.750,6.077,11.509,-47.456,0.1451,0.275,-1.133
5.800,6.607,8.477,-65.659,0.1577,0.202,-1.568
5.850,6.951,4.676,-77.021,0.1659,0.112,-1.839
5.900,7.084,0.524,-81.053,0.1691,0.013,-1.935
5.950,7.003,-3.644,-78.121,0.1672,-0.087,-1.865
6.000,6.712,-7.519,-68.120,0.1602,-0.179,-1.626
6.050,6.230,-10.718,-51.208,0.1487,-0.256,-1.223
6.100,5.601,-12.839,-29.706,0.1337,-0.307,-0.709
6.150,4.898,-13.687,-8.779,0.1169,-0.327,-0.210
6.200,4.192,-13.462,5.585,0.1001,-0.321,0.133
6.250,3.533,-12.729,9.983,0.0843,-0.304,0.238
6.300,2.928,-12.121,5.498,0.0699,-0.289,0.131
6.350,2.344,-12.032,-3.124,0.0559,-0.287,-0.075
6.400,1.745,-12.509,-9.774,0.0417,-0.299,-0.233
6.450,1.106,-13.278,-9.128,0.0264,-0.317,-0.218
6.500,0.413,-13.807,1.431,0.0099,-0.330,0.034
6.550,-0.308,-13.472,20.351,-0.0074,-0.322,0.486
6.600,-0.983,-11.886,42.394,-0.0235,-0.284,1.012
6.650,-1.539,-9.095,61.610,-0.0368,-0.217,1.471
6.700,-1.921,-5.466,74.386,-0.0459,-0.130,1.776
6.750,-2.099,-1.408,79.954,-0.0501,-0.034,1.909
6.800,-2.064,2.744,78.610,-0.0493,0.065,1.877
6.850,-1.819,6.681,70.215,-0.0434,0.159,1.676
6.900,-1.378,10.027,54.681,-0.0329,0.239,1.305
6.950,-0.781,12.373,33.755,-0.0186,0.295,0.806
7.000,-0.094,13.456,12.025,-0.0023,0.321,0.287
7.050,0.609,13.378,-4.555,0.0145,0.319,-0.109
7.100,1.269,12.629,-11.851,0.0303,0.301,-0.283
7.150,1.869,11.833,-9.826,0.0446,0.283,-0.235
7.200,2.435,11.446,-2.094,0.0581,0.273,-0.050
7.250,2.994,11.613,6.091,0.0715,0.277,0.145
7.300,3.578,12.221,9.547,0.0854,0.292,0.228
7.350,4.210,12.886,4.608,0.1005,0.308,0.110
7.400,4.885,13.038,-9.355,0.1166,0.311,-0.223
7.450,5.553,12.179,-29.234,0.1326,0.291,-0.698
7.500,6.147,10.121,-49.707,0.1467,0.242,-1.187
7.550,6.602,7.032,-65.973,0.1576,0.168,-1.575
7.600,6.872,3.272,-75.468,0.1641,0.078,-1.802
7.650,6.937,-0.764,-77.580,0.1656,-0.018,-1.852
7.700,6.794,-4.723,-72.344,0.1622,-0.113,-1.727
7.750,6.451,-8.247,-59.917,0.1540,-0.197,-1.430
7.800,5.941,-10.948,-41.487,0.1418,-0.261,-0.990
7.850,5.316,-12.514,-20.455,0.1269,-0.299,-0.488
7.900,4.645,-12.901,-2.042,0.1109,-0.308,-0.049
7.950,3.993,-12.430,9.041,0.0953,-0.297,0.216
8.000,3.393,-11.645,11.030,0.0810,-0.278,0.263
8.050,2.838,-11.058,5.637,0.0678,-0.264,0.135
8.100,2.306,-10.964,-3.159,0.0550,-0.262,-0.075
8.150,1.762,-11.420,-10.420,0.0421,-0.273,-0.249
8.200,1.180,-12.231,-11.380,0.0282,-0.292,-0.272
8.250,0.539,-12.917,-3.054,0.0129,-0.308,-0.073
8.300,-0.140,-12.881,13.928,-0.0033,-0.308,0.332
8.350,-0.793,-11.687,35.238,-0.0189,-0.279,0.841
8.400,-1.352,-9.283,55.205,-0.0323,-0.222,1.318
8.450,-1.755,-5.943,69.604,-0.0419,-0.142,1.662
8.500,-1.963,-2.063,76.795,-0.0469,-0.049,1.833
8.550,-1.965,1.974,76.707,-0.0469,0.047,1.831
8.600,-1.761,5.838,69.447,-0.0420,0.139,1.658
8.650,-1.365,9.168,55.170,-0.0326,0.219,1.317
8.700,-0.812,11.577,35.360,-0.0194,0.276,0.844
8.750,-0.163,12.786,13.945,-0.0039,0.305,0.333
8.800,0.511,12.828,-3.613,0.0122,0.306,-0.086
8.850,1.148,12.100,-12.933,0.0274,0.289,-0.309
8.900,1.725,11.179,-12.968,0.0412,0.267,-0.310
8.950,2.253,10.556,-6.109,0.0538,0.252,-0.146
9.000,2.760,10.482,3.281,0.0659,0.250,0.078
9.050,3.280,10.964,10.332,0.0783,0.262,0.247
9.100,3.842,11.755,10.751,0.0917,0.281,0.257
9.150,4.459,12.383,2.182,0.1065,0.296,0.052
9.200,5.107,12.289,-14.451,0.1219,0.293,-0.345
9.250,5.730,11.085,-35.029,0.1368,0.265,-0.836
9.300,6.258,8.718,-54.227,0.1494,0.208,-1.295
9.350,6.633,5.445,-68.033,0.1584,0.130,-1.624
9.400,6.819,1.660,-74.700,0.1628,0.040,-1.783
9.450,6.803,-2.267,-73.950,0.1624,-0.054,-1.765
9.500,6.586,-5.980,-65.816,0.1572,-0.143,-1.571
9.550,6.186,-9.100,-50.772,0.1477,-0.217,-1.212
9.600,5.642,-11.252,-30.927,0.1347,-0.269,-0.738
9.650,5.017,-12.226,-10.542,0.1198,-0.292,-0.252
9.700,4.379,-12.132,5.219,0.1045,-0.290,0.125
9.750,3.781,-11.383,12.723,0.0903,-0.272,0.304
9.800,3.239,-10.530,11.554,0.0773,-0.251,0.276
9.850,2.743,-10.011,4.276,0.0655,-0.239,0.102
9.900,2.259,-10.037,-5.027,0.0539,-0.240,-0.120
9.950,1.758,-10.592,-12.060,0.0420,-0.253,-0.288
10.000,1.213,-11.456,-12.985,0.0289,-0.273,-0.310
10.050,0.611,-12.210,-5.358,0.0146,-0.292,-0.128
10.100,-0.031,-12.315,10.455,-7.5000E-4,-0.294,0.250
10.150,-0.661,-11.341,30.857,-0.0158,-0.271,0.737
10.200,-1.210,-9.189,50.632,-0.0289,-0.219,1.209
10.250,-1.613,-6.079,65.502,-0.0385,-0.145,1.564
10.300,-1.836,-2.388,73.444,-0.0438,-0.057,1.753
10.350,-1.858,1.508,74.037,-0.0444,0.036,1.767
10.400,-1.681,5.257,67.317,-0.0401,0.126,1.607
10.450,-1.316,8.488,53.599,-0.0314,0.203,1.280
10.500,-0.801,10.828,34.505,-0.0191,0.258,0.824
10.550,-0.192,12.017,13.788,-0.0046,0.287,0.329
10.600,0.443,12.079,-3.491,0.0106,0.288,-0.083
10.650,1.045,11.373,-13.282,0.0249,0.272,-0.317
10.700,1.587,10.425,-14.539,0.0379,0.249,-0.347
10.750,2.077,9.687,-9.180,0.0496,0.231,-0.219
10.800,2.538,9.404,-0.541,0.0606,0.225,-0.013
10.850,2.999,9.639,7.854,0.0716,0.230,0.188
10.900,3.486,10.310,12.497,0.0832,0.246,0.298
10.950,4.021,11.137,10.315,0.0960,0.266,0.246
11.000,4.609,11.655,-0.070,0.1100,0.278,-0.002
11.050,5.217,11.388,-17.139,0.1245,0.272,-0.409
11.100,5.787,10.037,-36.844,0.1381,0.240,-0.880
11.150,6.260,7.613,-54.489,0.1494,0.182,-1.301
11.200,6.577,4.377,-66.584,0.1570,0.105,-1.590
11.250,6.710,0.702,-71.541,0.1602,0.017,-1.708
11.300,6.649,-3.026,-69.028,0.1587,-0.072,-1.648
11.350,6.398,-6.446,-59.289,0.1527,-0.154,-1.415
11.400,5.982,-9.184,-43.389,0.1428,-0.219,-1.036
11.450,5.444,-10.928,-23.946,0.1300,-0.261,-0.572
11.500,4.847,-11.561,-5.184,0.1157,-0.276,-0.124
11.550,4.254,-11.252,8.500,0.1016,-0.269,0.203
11.600,3.704,-10.414,14.451,0.0884,-0.249,0.345
11.650,3.212,-9.524,12.723,0.0767,-0.227,0.304
11.700,2.765,-8.954,5.585,0.0660,-0.214,0.133
11.750,2.336,-8.896,-3.718,0.0558,-0.212,-0.089
11.800,1.894,-9.367,-11.746,0.0452,-0.224,-0.280
11.850,1.414,-10.226,-15.167,0.0338,-0.244,-0.362
11.900,0.877,-11.147,-11.275,0.0209,-0.266,-0.269
11.950,0.286,-11.666,0.768,0.0068,-0.279,0.018
12.000,-0.322,-11.310,18.937,-0.0077,-0.270,0.452
12.050,-0.888,-9.833,38.886,-0.0212,-0.235,0.928
12.100,-1.343,-7.299,55.990,-0.0321,-0.174,1.337
12.150,-1.643,-4.011,67.213,-0.0392,-0.096,1.605
12.200,-1.756,-0.335,71.349,-0.0419,-0.008,1.703
12.250,-1.678,3.367,68.155,-0.0400,0.080,1.627
12.300,-1.409,6.728,57.753,-0.0336,0.161,1.379
12.350,-0.980,9.372,41.207,-0.0234,0.224,0.984
12.400,-0.435,10.985,21.328,-0.0104,0.262,0.509
12.450,0.160,11.472,2.531,0.0038,0.274,0.060
12.500,0.746,11.027,-10.786,0.0178,0.263,-0.258
12.550,1.280,10.090,-16.301,0.0306,0.241,-0.389
12.600,1.753,9.132,-14.556,0.0419,0.218,-0.347
12.650,2.180,8.477,-8.011,0.0521,0.202,-0.191
12.700,2.586,8.273,0.576,0.0617,0.198,0.014
12.750,2.991,8.545,8.709,0.0714,0.204,0.208
12.800,3.424,9.236,13.753,0.0818,0.221,0.328
12.850,3.905,10.126,13.020,0.0932,0.242,0.311
12.900,4.442,10.818,4.852,0.1061,0.258,0.116
12.950,5.011,10.870,-10.071,0.1196,0.260,-0.240
13.000,5.564,9.948,-28.641,0.1328,0.237,-0.684
13.050,6.044,7.974,-46.583,0.1443,0.190,-1.112
13.100,6.393,5.121,-60.127,0.1526,0.122,-1.435
13.150,6.574,1.723,-67.091,0.1569,0.041,-1.602
13.200,6.571,-1.838,-66.759,0.1569,-0.044,-1.594
13.250,6.384,-5.194,-59.254,0.1524,-0.124,-1.415
13.300,6.032,-7.990,-45.431,0.1440,-0.191,-1.085
13.350,5.554,-9.901,-27.419,0.1326,-0.236,-0.655
13.400,5.003,-10.760,-8.849,0.1194,-0.257,-0.211
13.450,4.442,-10.650,6.109,0.1061,-0.254,0.146
13.500,3.916,-9.896,14.486,0.0935,-0.236,0.346
13.550,3.446,-8.933,15.621,0.0823,-0.213,0.373
13.600,3.030,-8.131,10.996,0.0723,-0.194,0.262
13.650,2.648,-7.728,3.142,0.0632,-0.185,0.075
13.700,2.275,-7.802,-5.445,0.0543,-0.186,-0.130
13.750,1.883,-8.320,-12.601,0.0450,-0.199,-0.301
13.800,1.455,-9.173,-16.127,0.0347,-0.219,-0.385
13.850,0.972,-10.137,-13.736,0.0232,-0.242,-0.328
13.900,0.434,-10.823,-4.067,0.0104,-0.258,-0.097
13.950,-0.137,-10.791,11.973,-0.0033,-0.258,0.286
14.000,-0.683,-9.739,31.015,-0.0163,-0.232,0.740
14.050,-1.148,-7.629,48.695,-0.0274,-0.182,1.163
14.100,-1.477,-4.681,61.453,-0.0352,-0.112,1.467
14.150,-1.632,-1.241,67.422,-0.0390,-0.030,1.610
14.200,-1.604,2.309,66.113,-0.0383,0.055,1.578
14.250,-1.393,5.608,57.718,-0.0333,0.134,1.378
14.300,-1.023,8.304,43.145,-0.0244,0.198,1.030
14.350,-0.531,10.079,24.627,-0.0127,0.241,0.588
14.400,0.025,10.781,5.934,6.0000E-4,0.257,0.142
14.450,0.583,10.519,-8.744,0.0139,0.251,-0.209
14.500,1.098,9.645,-16.668,0.0262,0.230,-0.398
14.550,1.552,8.592,-17.558,0.0371,0.205,-0.419
14.600,1.949,7.707,-13.125,0.0465,0.184,-0.313
14.650,2.309,7.189,-5.725,0.0551,0.172,-0.137
14.700,2.653,7.110,2.601,0.0633,0.170,0.062
14.750,3.005,7.472,10.105,0.0717,0.178,0.241
14.800,3.387,8.205,14.905,0.0809,0.196,0.356
14.850,3.817,9.126,14.905,0.0911,0.218,0.356
14.900,4.302,9.927,8.535,0.1027,0.237,0.204
14.950,4.827,10.221,-4.154,0.1152,0.244,-0.099
15.000,5.355,9.671,-21.014,0.1278,0.231,-0.502
15.050,5.831,8.137,-38.432,0.1392,0.194,-0.918
15.100,6.200,5.707,-52.779,0.1480,0.136,-1.260
15.150,6.423,2.655,-61.540,0.1533,0.063,-1.469
15.200,6.475,-0.681,-63.478,0.1546,-0.016,-1.515
15.250,6.352,-3.937,-58.346,0.1517,-0.094,-1.393
15.300,6.066,-6.744,-46.792,0.1448,-0.161,-1.117
15.350,5.650,-8.786,-30.648,0.1349,-0.210,-0.732
15.400,5.154,-9.870,-12.985,0.1230,-0.236,-0.310
15.450,4.629,-10.006,2.548,0.1105,-0.239,0.061
15.500,4.126,-9.420,12.950,0.0985,-0.225,0.309
15.550,3.676,-8.472,17.017,0.0878,-0.202,0.406
15.600,3.281,-7.519,15.499,0.0783,-0.179,0.370
15.650,2.933,-6.802,10.210,0.0700,-0.162,0.244
15.700,2.614,-6.440,2.932,0.0624,-0.154,0.070
15.750,2.303,-6.487,-4.939,0.0550,-0.155,-0.118
15.800,1.979,-6.953,-12.113,0.0473,-0.166,-0.289
15.850,1.621,-7.770,-16.947,0.0387,-0.185,-0.405
15.900,1.210,-8.791,-17.401,0.0289,-0.210,-0.415
15.950,0.741,-9.734,-11.694,0.0177,-0.232,-0.279
16.000,0.221,-10.210,0.559,0.0053,-0.244,0.013
16.050,-0.311,-9.859,17.488,-0.0074,-0.235,0.417
16.100,-0.801,-8.498,35.500,-0.0191,-0.203,0.847
16.150,-1.194,-6.199,50.789,-0.0285,-0.148,1.213
16.200,-1.445,-3.220,60.650,-0.0345,-0.077,1.448
16.250,-1.527,0.099,63.774,-0.0364,0.002,1.522
16.300,-1.434,3.398,59.847,-0.0342,0.081,1.429
16.350,-1.175,6.315,49.306,-0.0280,0.151,1.177
16.400,-0.778,8.519,33.598,-0.0186,0.203,0.802
16.450,-0.289,9.770,15.499,-0.0069,0.233,0.370
16.500,0.236,10.022,-1.222,0.0056,0.239,-0.029
16.550,0.743,9.461,-13.125,0.0177,0.226,-0.313
16.600,1.197,8.461,-18.623,0.0286,0.202,-0.445
16.650,1.588,7.393,-18.396,0.0379,0.177,-0.439
16.700,1.929,6.503,-14.347,0.0461,0.155,-0.343
16.750,2.229,5.901,-8.186,0.0532,0.141,-0.195
16.800,2.507,5.650,-1.030,0.0599,0.135,-0.025
16.850,2.780,5.791,6.213,0.0664,0.138,0.148
16.900,3.072,6.304,12.444,0.0734,0.151,0.297
16.950,3.401,7.110,16.354,0.0812,0.170,0.390
17.000,3.778,8.063,16.458,0.0902,0.193,0.393
17.050,4.208,8.938,11.380,0.1005,0.213,0.272
17.100,4.684,9.414,0.681,0.1118,0.225,0.016
17.150,5.176,9.173,-14.329,0.1236,0.219,-0.342
17.200,5.634,8.032,-30.753,0.1345,0.192,-0.734
17.250,6.010,6.021,-45.256,0.1435,0.144,-1.080
17.300,6.260,3.341,-55.187,0.1494,0.080,-1.318
17.350,6.357,0.288,-59.010,0.1518,0.007,-1.409
17.400,6.289,-2.791,-56.147,0.1502,-0.067,-1.340
17.450,6.066,-5.550,-46.967,0.1448,-0.133,-1.121
17.500,5.713,-7.665,-32.882,0.1364,-0.183,-0.785
17.550,5.268,-8.927,-16.441,0.1258,-0.213,-0.393
17.600,4.788,-9.278,-0.925,0.1143,-0.222,-0.022
17.650,4.313,-8.870,10.751,0.1030,-0.212,0.257
17.700,3.885,-8.001,17.069,0.0927,-0.191,0.408
17.750,3.511,-6.980,18.274,0.0838,-0.167,0.436
17.800,3.190,-6.048,15.656,0.0762,-0.144,0.374
17.850,2.914,-5.341,10.647,0.0696,-0.128,0.254
17.900,2.667,-4.943,4.433,0.0637,-0.118,0.106
17.950,2.432,-4.890,-2.094,0.0581,-0.117,-0.050
18.000,2.190,-5.168,-8.343,0.0523,-0.123,-0.199
18.050,1.924,-5.744,-13.875,0.0459,-0.137,-0.331
18.100,1.624,-6.592,-17.925,0.0388,-0.157,-0.428
18.150,1.274,-7.629,-18.954,0.0304,-0.182,-0.453
18.200,0.862,-8.660,-15.097,0.0206,-0.207,-0.360
18.250,0.397,-9.362,-5.341,0.0095,-0.224,-0.127
18.300,-0.097,-9.388,9.477,-0.0023,-0.224,0.226
18.350,-0.575,-8.503,26.599,-0.0137,-0.203,0.635
18.400,-0.982,-6.676,42.446,-0.0234,-0.159,1.013
18.450,-1.269,-4.095,53.966,-0.0303,-0.098,1.288
18.500,-1.406,-1.063,59.376,-0.0336,-0.025,1.417
18.550,-1.379,2.073,58.085,-0.0329,0.049,1.387
18.600,-1.191,4.969,50.300,-0.0284,0.119,1.201
18.650,-0.862,7.299,37.053,-0.0206,0.174,0.885
18.700,-0.432,8.802,20.455,-0.0103,0.210,0.488
18.750,0.052,9.357,3.665,0.0012,0.223,0.087
18.800,0.536,9.048,-9.948,0.0128,0.216,-0.238
18.850,0.977,8.152,-18.151,0.0233,0.195,-0.433
18.900,1.357,7.021,-20.682,0.0324,0.168,-0.494
18.950,1.676,5.938,-18.937,0.0400,0.142,-0.452
19.000,1.943,5.058,-14.835,0.0464,0.121,-0.354
19.050,2.172,4.435,-9.809,0.0519,0.106,-0.234
19.100,2.378,4.074,-4.503,0.0568,0.097,-0.107
19.150,2.571,3.979,0.925,0.0614,0.095,0.022
19.200,2.766,4.163,6.353,0.0660,0.099,0.152
19.250,2.978,4.623,11.467,0.0711,0.110,0.274
19.300,3.220,5.335,15.691,0.0769,0.127,0.375
19.350,3.504,6.247,18.082,0.0837,0.149,0.432
19.400,3.841,7.247,17.331,0.0917,0.173,0.414
19.450,4.232,8.137,12.165,0.1010,0.194,0.290
19.500,4.667,8.645,2.129,0.1114,0.206,0.051
19.550,5.119,8.498,-11.781,0.1222,0.203,-0.281
19.600,5.546,7.524,-27.157,0.1324,0.180,-0.648
19.650,5.901,5.723,-40.963,0.1409,0.137,-0.978
19.700,6.142,3.272,-50.597,0.1466,0.078,-1.208
19.750,6.241,0.461,-54.524,0.1490,0.011,-1.302
19.800,6.189,-2.393,-52.238,0.1478,-0.057,-1.247
19.850,5.993,-4.969,-44.070,0.1431,-0.119,-1.052
19.900,5.672,-6.969,-31.259,0.1354,-0.166,-0.746
19.950,5.267,-8.184,-16.057,0.1257,-0.195,-0.383
20.000,4.824,-8.556,-1.344,0.1152,-0.204,-0.032
20.050,4.386,-8.200,10.280,0.1047,-0.196,0.245
20.100,3.987,-7.357,17.331,0.0952,-0.176,0.414
20.150,3.644,-6.299,19.775,0.0870,-0.150,0.472
20.200,3.358,-5.257,18.692,0.0802,-0.126,0.446
20.250,3.124,-4.367,15.533,0.0746,-0.104,0.371
20.300,2.930,-3.681,11.519,0.0699,-0.088,0.275
20.350,2.763,-3.215,7.348,0.0660,-0.077,0.175
20.400,2.615,-2.953,3.246,0.0624,-0.071,0.077
20.450,2.474,-2.890,-0.838,0.0591,-0.069,-0.020
20.500,2.333,-3.032,-5.009,0.0557,-0.072,-0.120
20.550,2.179,-3.388,-9.233,0.0520,-0.081,-0.220
20.600,2.001,-3.958,-13.369,0.0478,-0.094,-0.319
20.650,1.789,-4.733,-17.122,0.0427,-0.113,-0.409
20.700,1.535,-5.697,-19.792,0.0366,-0.136,-0.473
20.750,1.225,-6.786,-20.036,0.0293,-0.162,-0.478
20.800,0.856,-7.844,-16.179,0.0204,-0.187,-0.386
20.850,0.432,-8.597,-7.156,0.0103,-0.205,-0.171
20.900,-0.025,-8.739,6.510,-6.0000E-4,-0.209,0.155
20.950,-0.473,-8.037,22.515,-0.0113,-0.192,0.537
21.000,-0.861,-6.451,37.664,-0.0205,-0.154,0.899
21.050,-1.144,-4.131,49.079,-0.0273,-0.099,1.172
21.100,-1.290,-1.346,54.943,-0.0308,-0.032,1.312
21.150,-1.283,1.581,54.489,-0.0306,0.038,1.301
21.200,-1.125,4.320,47.805,-0.0268,0.103,1.141
21.250,-0.834,6.550,35.832,-0.0199,0.156,0.855
21.300,-0.443,8.027,20.508,-0.0106,0.192,0.490
21.350,7.383E-15,8.624,4.677,5.5511E-17,0.206,0.112
21.400,0.449,8.399,-8.674,0.0107,0.201,-0.207
21.450,0.861,7.582,-17.488,0.0206,0.181,-0.417
21.500,1.216,6.466,-21.380,0.0290,0.154,-0.510
21.550,1.508,5.309,-21.415,0.0360,0.127,-0.511
21.600,1.742,4.257,-19.199,0.0416,0.102,-0.458
21.650,1.927,3.367,-16.092,0.0460,0.080,-0.384
21.700,2.073,2.649,-12.881,0.0495,0.063,-0.307
21.750,2.187,2.089,-9.931,0.0522,0.050,-0.237
21.800,2.278,1.670,-7.418,0.0544,0.040,-0.177
21.850,2.350,1.367,-5.358,0.0561,0.033,-0.128
21.900,2.411,1.147,-3.630,0.0576,0.027,-0.087
21.950,2.463,1.005,-2.059,0.0588,0.024,-0.049
22.000,2.509,0.942,-0.559,0.0599,0.023,-0.013
22.050,2.554,0.953,0.855,0.0610,0.023,0.020
22.100,2.603,1.031,2.234,0.0621,0.025,0.053
22.150,2.655,1.173,3.718,0.0634,0.028,0.089
22.200,2.717,1.393,5.445,0.0649,0.033,0.130
22.250,2.791,1.707,7.505,0.0666,0.041,0.179
22.300,2.884,2.131,9.913,0.0689,0.051,0.237
22.350,3.000,2.686,12.654,0.0716,0.064,0.302
22.400,3.148,3.388,15.551,0.0752,0.081,0.371
22.450,3.333,4.246,18.134,0.0796,0.101,0.433
22.500,3.567,5.236,19.548,0.0852,0.125,0.467
22.550,3.855,6.278,18.588,0.0920,0.150,0.444
22.600,4.197,7.220,14.015,0.1002,0.172,0.335
22.650,4.587,7.838,5.184,0.1095,0.187,0.124
22.700,5.001,7.880,-7.313,0.1194,0.188,-0.175
22.750,5.402,7.173,-21.537,0.1290,0.171,-0.514
22.800,5.746,5.692,-34.854,0.1372,0.136,-0.832
22.850,5.994,3.566,-44.820,0.1431,0.085,-1.070
22.900,6.117,1.031,-49.759,0.1460,0.025,-1.188
22.950,6.101,-1.613,-48.939,0.1457,-0.038,-1.168
23.000,5.949,-4.058,-42.499,0.1420,-0.097,-1.015
23.050,5.678,-6.027,-31.433,0.1356,-0.144,-0.750
23.100,5.322,-7.304,-17.610,0.1271,-0.174,-0.420
23.150,4.920,-7.796,-3.560,0.1175,-0.186,-0.085
23.200,4.516,-7.571,8.203,0.1078,-0.181,0.196
23.250,4.145,-6.828,16.127,0.0990,-0.163,0.385
23.300,3.825,-5.812,20.054,0.0913,-0.139,0.479
23.350,3.563,-4.718,20.874,0.0851,-0.113,0.498
23.400,3.355,-3.665,19.810,0.0801,-0.088,0.473
23.450,3.200,-2.712,17.890,0.0764,-0.065,0.427
23.500,3.088,-1.874,15.848,0.0737,-0.045,0.378
23.550,3.016,-1.141,14.190,0.0720,-0.027,0.339
23.600,2.977,-0.482,13.212,0.0711,-0.011,0.315
23.650,2.969,0.152,12.968,0.0709,0.004,0.310
23.700,2.991,0.796,13.352,0.0714,0.019,0.319
23.750,3.047,1.471,14.294,0.0728,0.035,0.341
23.800,3.137,2.204,15.830,0.0749,0.053,0.378
23.850,3.264,3.032,17.820,0.0779,0.072,0.425
23.900,3.435,3.985,19.652,0.0820,0.095,0.469
23.950,3.658,5.037,20.263,0.0873,0.120,0.484
24.000,3.938,6.095,18.413,0.0940,0.146,0.440
24.050,4.273,7.001,13.073,0.1020,0.167,0.312
24.100,4.650,7.545,3.857,0.1110,0.180,0.092
24.150,5.047,7.508,-8.552,0.1205,0.179,-0.204
24.200,5.427,6.744,-22.288,0.1296,0.161,-0.532
24.250,5.748,5.236,-34.837,0.1372,0.125,-0.832
24.300,5.972,3.131,-43.913,0.1426,0.075,-1.048
24.350,6.073,0.670,-48.014,0.1450,0.016,-1.146
24.400,6.041,-1.864,-46.531,0.1442,-0.044,-1.111
24.450,5.879,-4.173,-39.654,0.1404,-0.100,-0.947
24.500,5.606,-5.985,-28.501,0.1338,-0.143,-0.680
24.550,5.256,-7.105,-15.062,0.1255,-0.170,-0.360
24.600,4.869,-7.482,-1.763,0.1163,-0.179,-0.042
24.650,4.485,-7.194,9.233,0.1071,-0.172,0.220
24.700,4.133,-6.425,16.685,0.0987,-0.153,0.398
24.750,3.834,-5.393,20.508,0.0915,-0.129,0.490
24.800,3.592,-4.278,21.502,0.0858,-0.102,0.513
24.850,3.407,-3.189,20.769,0.0813,-0.076,0.496
24.900,3.277,-2.178,19.286,0.0782,-0.052,0.460
24.950,3.193,-1.262,17.837,0.0762,-0.030,0.426
25.000,3.153,-0.419,16.947,0.0753,-0.010,0.405
25.050,3.153,0.403,16.825,0.0753,0.010,0.402
25.100,3.192,1.241,17.418,0.0762,0.030,0.416
25.150,3.275,2.126,18.535,0.0782,0.051,0.443
25.200,3.402,3.084,19.844,0.0812,0.074,0.474
25.250,3.580,4.121,20.682,0.0855,0.098,0.494
25.300,3.812,5.199,20.019,0.0910,0.124,0.478
25.350,4.101,6.215,16.668,0.0979,0.148,0.398
25.400,4.441,6.995,9.756,0.1060,0.167,0.233
25.450,4.816,7.325,-0.733,0.1150,0.175,-0.017
25.500,5.196,7.016,-13.614,0.1241,0.168,-0.325
25.550,5.543,5.974,-26.738,0.1323,0.143,-0.638
25.600,5.818,4.262,-37.699,0.1389,0.102,-0.900
25.650,5.986,2.058,-44.576,0.1429,0.049,-1.064
25.700,6.032,-0.377,-46.304,0.1440,-0.009,-1.105
25.750,5.947,-2.759,-42.638,0.1420,-0.066,-1.018
25.800,5.744,-4.812,-34.139,0.1371,-0.115,-0.815
25.850,5.446,-6.299,-22.183,0.1300,-0.150,-0.530
25.900,5.089,-7.079,-8.901,0.1215,-0.169,-0.213
25.950,4.712,-7.147,3.351,0.1125,-0.171,0.080
26.000,4.354,-6.634,12.758,0.1040,-0.158,0.305
26.050,4.037,-5.739,18.623,0.0964,-0.137,0.445
26.100,3.775,-4.660,21.345,0.0901,-0.111,0.510
26.150,3.570,-3.534,21.904,0.0852,-0.084,0.523
26.200,3.423,-2.435,21.310,0.0817,-0.058,0.509
26.250,3.329,-1.393,20.351,0.0795,-0.033,0.486
26.300,3.286,-0.408,19.600,0.0785,-0.010,0.468
26.350,3.289,0.545,19.443,0.0785,0.013,0.464
26.400,3.340,1.508,19.932,0.0797,0.036,0.476
26.450,3.438,2.524,20.752,0.0821,0.060,0.495
26.500,3.589,3.592,21.276,0.0857,0.086,0.508
26.550,3.797,4.686,20.595,0.0906,0.112,0.492
26.600,4.059,5.728,17.663,0.0969,0.137,0.422
26.650,4.375,6.566,11.572,0.1044,0.157,0.276
26.700,4.730,7.011,2.112,0.1129,0.167,0.050
26.750,5.096,6.875,-9.879,0.1217,0.164,-0.236
26.800,5.441,6.053,-22.619,0.1299,0.145,-0.540
26.850,5.726,4.561,-33.877,0.1367,0.109,-0.809
26.900,5.916,2.539,-41.661,0.1412,0.061,-0.995
26.950,5.989,0.225,-44.646,0.1430,0.005,-1.066
27.000,5.939,-2.110,-42.342,0.1418,-0.050,-1.011
27.050,5.770,-4.184,-35.151,0.1377,-0.100,-0.839
27.100,5.503,-5.754,-24.312,0.1314,-0.137,-0.580
27.150,5.171,-6.676,-11.711,0.1235,-0.159,-0.280
27.200,4.811,-6.912,0.524,0.1149,-0.165,0.012
27.250,4.458,-6.540,10.542,0.1064,-0.156,0.252
27.300,4.142,-5.733,17.331,0.0989,-0.137,0.414
27.350,3.878,-4.691,20.961,0.0926,-0.112,0.500
27.400,3.671,-3.560,22.253,0.0876,-0.085,0.531
27.450,3.522,-2.424,22.201,0.0841,-0.058,0.530
27.500,3.431,-1.325,21.642,0.0819,-0.032,0.517
27.550,3.391,-0.267,21.206,0.0810,-0.006,0.506
27.600,3.404,0.775,21.206,0.0813,0.018,0.506
27.650,3.468,1.838,21.555,0.0828,0.044,0.515
27.700,3.586,2.932,21.799,0.0856,0.070,0.520
27.750,3.760,4.042,21.241,0.0898,0.097,0.507
27.800,3.991,5.110,18.972,0.0953,0.122,0.453
27.850,4.276,6.032,14.050,0.1021,0.144,0.335
27.900,4.604,6.634,5.969,0.1099,0.158,0.143
27.950,4.957,6.733,-4.869,0.1184,0.161,-0.116
28.000,5.300,6.199,-17.087,0.1265,0.148,-0.408
28.050,5.600,5.006,-28.728,0.1337,0.120,-0.686
28.100,5.821,3.236,-37.751,0.1390,0.077,-0.901
28.150,5.938,1.079,-42.534,0.1418,0.026,-1.015
28.200,5.933,-1.199,-42.237,0.1416,-0.029,-1.008
28.250,5.812,-3.320,-36.966,0.1388,-0.079,-0.882
28.300,5.587,-5.037,-27.646,0.1334,-0.120,-0.660
28.350,5.287,-6.173,-15.883,0.1262,-0.147,-0.379
28.400,4.946,-6.639,-3.683,0.1181,-0.159,-0.088
28.450,4.601,-6.482,7.034,0.1098,-0.155,0.168
28.500,4.282,-5.833,14.992,0.1022,-0.139,0.358
28.550,4.007,-4.869,19.862,0.0957,-0.116,0.474
28.600,3.790,-3.754,22.113,0.0905,-0.090,0.528
28.650,3.632,-2.602,22.689,0.0867,-0.062,0.542
28.700,3.531,-1.466,22.515,0.0843,-0.035,0.537
28.750,3.486,-0.351,22.236,0.0832,-0.008,0.531
28.800,3.497,0.749,22.148,0.0835,0.018,0.529
28.850,3.561,1.854,22.236,0.0850,0.044,0.531
28.900,3.680,2.974,22.096,0.0879,0.071,0.528
28.950,3.858,4.095,20.944,0.0921,0.098,0.500
29.000,4.092,5.137,17.855,0.0977,0.123,0.426
29.050,4.378,5.974,12.078,0.1045,0.143,0.288
29.100,4.701,6.451,3.421,0.1122,0.154,0.082
29.150,5.041,6.404,-7.540,0.1203,0.153,-0.180
29.200,5.364,5.733,-19.391,0.1281,0.137,-0.463
29.250,5.636,4.430,-30.177,0.1346,0.106,-0.720
29.300,5.826,2.608,-37.943,0.1391,0.062,-0.906
29.350,5.908,0.476,-41.277,0.1410,0.011,-0.985
29.400,5.875,-1.696,-39.671,0.1403,-0.041,-0.947
29.450,5.730,-3.649,-33.493,0.1368,-0.087,-0.800
29.500,5.495,-5.168,-23.824,0.1312,-0.123,-0.569
29.550,5.193,-6.100,-12.270,0.1240,-0.146,-0.293
29.600,4.862,-6.393,-0.716,0.1161,-0.153,-0.017
29.650,4.533,-6.105,9.128,0.1082,-0.146,0.218
29.700,4.236,-5.377,16.232,0.1011,-0.128,0.387
29.750,3.987,-4.377,20.455,0.0952,-0.105,0.488
29.800,3.795,-3.252,22.393,0.0906,-0.078,0.535
29.850,3.662,-2.094,22.951,0.0874,-0.050,0.548
29.900,3.586,-0.942,22.934,0.0856,-0.023,0.548
29.950,3.567,0.199,22.829,0.0852,0.005,0.545
30.000,3.607,1.335,22.742,0.0861,0.032,0.543
30.050,3.701,2.477,22.445,0.0884,0.059,0.536
30.100,3.853,3.602,21.363,0.0920,0.086,0.510
30.150,4.064,4.665,18.675,0.0970,0.111,0.446
30.200,4.324,5.555,13.614,0.1032,0.133,0.325
30.250,4.629,6.126,5.777,0.1105,0.146,0.138
30.300,4.954,6.226,-4.451,0.1183,0.149,-0.106
30.350,5.272,5.728,-15.848,0.1259,0.137,-0.378
30.400,5.550,4.618,-26.599,0.1325,0.110,-0.635
30.450,5.752,2.979,-34.837,0.1373,0.071,-0.832
30.500,5.859,0.995,-39.183,0.1399,0.024,-0.935
30.550,5.856,-1.100,-38.921,0.1398,-0.026,-0.929
30.600,5.744,-3.058,-34.104,0.1371,-0.073,-0.814
30.650,5.537,-4.644,-25.534,0.1322,-0.111,-0.610
30.700,5.261,-5.692,-14.678,0.1256,-0.136,-0.350
30.750,4.946,-6.126,-3.351,0.1181,-0.146,-0.080
30.800,4.628,-5.980,6.754,0.1105,-0.143,0.161
30.850,4.332,-5.362,14.469,0.1034,-0.128,0.345
30.900,4.081,-4.430,19.408,0.0974,-0.106,0.463
30.950,3.885,-3.335,21.956,0.0927,-0.080,0.524
31.000,3.746,-2.183,22.951,0.0894,-0.052,0.548
31.050,3.666,-1.021,23.195,0.0875,-0.024,0.554
31.100,3.644,0.141,23.178,0.0870,0.003,0.553
31.150,3.680,1.299,23.003,0.0879,0.031,0.549
31.200,3.775,2.450,22.427,0.0901,0.059,0.535
31.250,3.925,3.571,20.927,0.0937,0.085,0.500
31.300,4.134,4.597,17.785,0.0987,0.110,0.425
31.350,4.392,5.430,12.339,0.1049,0.130,0.295
31.400,4.687,5.927,4.294,0.1119,0.142,0.103
31.450,5.001,5.943,-5.899,0.1194,0.142,-0.141
31.500,5.303,5.372,-16.912,0.1266,0.128,-0.404
31.550,5.559,4.215,-26.965,0.1327,0.101,-0.644
31.600,5.741,2.581,-34.366,0.1371,0.062,-0.820
31.650,5.828,0.644,-37.891,0.1391,0.015,-0.905
31.700,5.809,-1.367,-36.931,0.1387,-0.033,-0.882
31.750,5.685,-3.204,-31.625,0.1357,-0.077,-0.755
31.800,5.474,-4.650,-22.916,0.1307,-0.111,-0.547
31.850,5.201,-5.561,-12.305,0.1242,-0.133,-0.294
31.900,4.898,-5.885,-1.518,0.1169,-0.141,-0.036
31.950,4.593,-5.660,7.924,0.1097,-0.135,0.189
32.000,4.317,-5.006,15.045,0.1031,-0.120,0.359
32.050,4.084,-4.063,19.618,0.0975,-0.097,0.468
32.100,3.905,-2.969,22.044,0.0932,-0.071,0.526
32.150,3.786,-1.812,23.021,0.0904,-0.043,0.550
32.200,3.724,-0.644,23.265,0.0889,-0.015,0.555
32.250,3.721,0.518,23.195,0.0888,0.012,0.554
32.300,3.776,1.681,22.811,0.0902,0.040,0.545
32.350,3.889,2.822,21.729,0.0929,0.067,0.519
32.400,4.061,3.896,19.373,0.0969,0.093,0.462
32.450,4.284,4.822,15.115,0.1023,0.115,0.361
32.500,4.551,5.493,8.482,0.1086,0.131,0.203
32.550,4.846,5.760,-0.471,0.1157,0.138,-0.011
32.600,5.146,5.503,-10.891,0.1229,0.131,-0.260
32.650,5.416,4.671,-21.241,0.1293,0.112,-0.507
32.700,5.631,3.314,-29.810,0.1344,0.079,-0.712
32.750,5.762,1.576,-35.151,0.1376,0.038,-0.839
32.800,5.795,-0.346,-36.390,0.1383,-0.008,-0.869
32.850,5.726,-2.215,-33.336,0.1367,-0.053,-0.796
32.900,5.564,-3.812,-26.512,0.1328,-0.091,-0.633
32.950,5.328,-4.958,-17.087,0.1272,-0.118,-0.408
33.000,5.049,-5.555,-6.615,0.1205,-0.133,-0.158
33.050,4.753,-5.597,3.316,0.1135,-0.134,0.079
33.100,4.472,-5.157,11.467,0.1068,-0.123,0.274
33.150,4.225,-4.362,17.244,0.1009,-0.104,0.412
33.200,4.029,-3.351,20.735,0.0962,-0.080,0.495
33.250,3.888,-2.231,22.480,0.0928,-0.053,0.537
33.300,3.804,-1.068,23.126,0.0908,-0.026,0.552
33.350,3.781,0.099,23.161,0.0903,0.002,0.553
33.400,3.815,1.257,22.777,0.0911,0.030,0.544
33.450,3.907,2.393,21.799,0.0933,0.057,0.520
33.500,4.056,3.471,19.722,0.0968,0.083,0.471
33.550,4.258,4.424,15.917,0.1017,0.106,0.380
33.600,4.505,5.142,9.913,0.1076,0.123,0.237
33.650,4.785,5.498,1.693,0.1142,0.131,0.040
33.700,5.072,5.372,-8.081,0.1211,0.128,-0.193
33.750,5.341,4.702,-18.134,0.1275,0.112,-0.433
33.800,5.561,3.513,-26.878,0.1328,0.084,-0.642
33.850,5.707,1.916,-32.847,0.1362,0.046,-0.784
33.900,5.760,0.094,-35.011,0.1375,0.002,-0.836
33.950,5.716,-1.733,-33.004,0.1365,-0.041,-0.788
34.000,5.579,-3.341,-27.192,0.1332,-0.080,-0.649
34.050,5.367,-4.550,-18.570,0.1281,-0.109,-0.443
34.100,5.107,-5.246,-8.570,0.1219,-0.125,-0.205
34.150,4.824,-5.398,1.257,0.1152,-0.129,0.030
34.200,4.549,-5.063,9.599,0.1086,-0.121,0.229
34.250,4.306,-4.356,15.760,0.1028,-0.104,0.376
34.300,4.106,-3.409,19.722,0.0980,-0.081,0.471
34.350,3.960,-2.325,21.886,0.0945,-0.055,0.522
34.400,3.872,-1.178,22.811,0.0924,-0.028,0.545
34.450,3.842,-0.021,22.969,0.0917,-5.000E-4,0.548
34.500,3.870,1.131,22.585,0.0924,0.027,0.539
34.550,3.955,2.257,21.537,0.0944,0.054,0.514
34.600,4.098,3.320,19.356,0.0978,0.079,0.462
34.650,4.291,4.252,15.464,0.1025,0.102,0.369
34.700,4.530,4.943,10.036,0.1082,0.118,0.240
34.750,4.799,5.273,,0.1146,0.126,
34.800,5.074,5.309,,0.1211,0.127,
34.850,5.330,,,0.1272,,
